Importer Log Report
Document: C:\Users\saper\OneDrive\Documents\Submarine\power-systems-v3\PowerSystemsUAV\power-systems-v3.kicad_pcb
    Section : Analyze Document from - C:\Users\saper\OneDrive\Documents\Submarine\power-systems-v3\PowerSystemsUAV\power-systems-v3.kicad_pcb
        Warning: Unknown child 'generator_version' of 'kicad_pcb'.
        Warning: Unknown child legacy_teardrops of general.
        Warning: Unknown child allow_soldermask_bridges_in_footprints of setup.
        Warning: Unknown child tenting of setup.
        Warning: Unknown child covering of setup.
        Warning: Unknown child plugging of setup.
        Warning: Unknown child capping of setup.
        Warning: Unknown child filling of setup.
        Warning: Unknown child uuid of footprint.
        Warning: Unknown child uuid of property.
        Warning: Unknown child sheetname of footprint.
        Warning: Unknown child sheetfile of footprint.
        Warning: Unknown child units of footprint.
        Warning: Unknown child duplicate_pad_numbers_are_jumpers of footprint.
        Warning: Unknown child stroke of fp_line.
        Warning: Unknown child uuid of fp_line.
        Warning: Unknown child stroke of fp_line.
        Warning: Unknown child uuid of fp_line.
        Warning: Unknown child stroke of fp_line.
        Warning: Unknown child uuid of fp_line.
        Warning: Unknown child stroke of fp_line.
        Warning: Unknown child uuid of fp_line.
        Warning: Unknown child stroke of fp_line.
        Warning: Unknown child uuid of fp_line.
        Warning: Unknown child stroke of fp_line.
        Warning: Unknown child uuid of fp_line.
        Warning: Unknown child stroke of fp_poly.
        Warning: Unknown child uuid of fp_poly.
        Warning: Unknown child stroke of fp_line.
        Warning: Unknown child uuid of fp_line.
        Warning: Unknown child stroke of fp_line.
        Warning: Unknown child uuid of fp_line.
        Warning: Unknown child stroke of fp_line.
        Warning: Unknown child uuid of fp_line.
        Warning: Unknown child stroke of fp_line.
        Warning: Unknown child uuid of fp_line.
        Warning: Unknown child stroke of fp_line.
        Warning: Unknown child uuid of fp_line.
        Warning: Unknown child stroke of fp_line.
        Warning: Unknown child uuid of fp_line.
        Warning: Unknown child stroke of fp_line.
        Warning: Unknown child uuid of fp_line.
        Warning: Unknown child stroke of fp_line.
        Warning: Unknown child uuid of fp_line.
        Warning: Unknown child stroke of fp_line.
        Warning: Unknown child uuid of fp_line.
        Warning: Unknown child stroke of fp_line.
        Warning: Unknown child uuid of fp_line.
        Warning: Unknown child stroke of fp_line.
        Warning: Unknown child uuid of fp_line.
        Warning: Unknown child stroke of fp_line.
        Warning: Unknown child uuid of fp_line.
        Warning: Unknown child stroke of fp_poly.
        Warning: Unknown child uuid of fp_poly.
        Warning: Unknown child uuid of fp_text.
        Warning: Unknown child uuid of pad.
        Warning: Unknown child uuid of pad.
        Warning: Unknown child uuid of pad.
        Warning: Unknown child uuid of pad.
        Warning: Unknown child uuid of pad.
        Warning: Unknown child uuid of pad.
        Warning: Unknown child embedded_fonts of footprint.
        Warning: Unknown child uuid of footprint.
        Warning: Unknown child uuid of property.
        Warning: Unknown child sheetname of footprint.
        Warning: Unknown child sheetfile of footprint.
        Warning: Unknown child units of footprint.
        Warning: Unknown child duplicate_pad_numbers_are_jumpers of footprint.
        Warning: Unknown child stroke of fp_line.
        Warning: Unknown child uuid of fp_line.
        Warning: Unknown child stroke of fp_line.
        Warning: Unknown child uuid of fp_line.
        Warning: Unknown child stroke of fp_rect.
        Warning: Unknown child uuid of fp_rect.
        Warning: Unknown child stroke of fp_rect.
        Warning: Unknown child uuid of fp_rect.
        Warning: Unknown child uuid of fp_text.
        Warning: Unknown child uuid of pad.
        Warning: Unknown child uuid of pad.
        Warning: Unknown child embedded_fonts of footprint.
        Warning: Unknown child uuid of footprint.
        Warning: Unknown child uuid of property.
        Warning: Unknown child sheetname of footprint.
        Warning: Unknown child sheetfile of footprint.
        Warning: Unknown child units of footprint.
        Warning: Unknown child duplicate_pad_numbers_are_jumpers of footprint.
        Warning: Unknown child stroke of fp_line.
        Warning: Unknown child uuid of fp_line.
        Warning: Unknown child stroke of fp_line.
        Warning: Unknown child uuid of fp_line.
        Warning: Unknown child stroke of fp_rect.
        Warning: Unknown child uuid of fp_rect.
        Warning: Unknown child stroke of fp_rect.
        Warning: Unknown child uuid of fp_rect.
        Warning: Unknown child uuid of fp_text.
        Warning: Unknown child uuid of pad.
        Warning: Unknown child uuid of pad.
        Warning: Unknown child embedded_fonts of footprint.
        Warning: Unknown child uuid of footprint.
        Warning: Unknown child uuid of property.
        Warning: Unknown child sheetname of footprint.
        Warning: Unknown child sheetfile of footprint.
        Warning: Unknown child units of footprint.
        Warning: Unknown child duplicate_pad_numbers_are_jumpers of footprint.
        Warning: Unknown child stroke of fp_line.
        Warning: Unknown child uuid of fp_line.
        Warning: Unknown child stroke of fp_line.
        Warning: Unknown child uuid of fp_line.
        Warning: Unknown child stroke of fp_line.
        Warning: Unknown child uuid of fp_line.
        Warning: Unknown child stroke of fp_line.
        Warning: Unknown child uuid of fp_line.
        Warning: Unknown child stroke of fp_line.
        Warning: Unknown child uuid of fp_line.
        Warning: Unknown child stroke of fp_line.
        Warning: Unknown child uuid of fp_line.
        Warning: Unknown child stroke of fp_line.
        Warning: Unknown child uuid of fp_line.
        Warning: Unknown child stroke of fp_line.
        Warning: Unknown child uuid of fp_line.
        Warning: Unknown child stroke of fp_line.
        Warning: Unknown child uuid of fp_line.
        Warning: Unknown child stroke of fp_line.
        Warning: Unknown child uuid of fp_line.
        Warning: Unknown child stroke of fp_line.
        Warning: Unknown child uuid of fp_line.
        Warning: Unknown child stroke of fp_line.
        Warning: Unknown child uuid of fp_line.
        Warning: Unknown child stroke of fp_line.
        Warning: Unknown child uuid of fp_line.
        Warning: Unknown child stroke of fp_line.
        Warning: Unknown child uuid of fp_line.
        Warning: Unknown child stroke of fp_line.
        Warning: Unknown child uuid of fp_line.
        Warning: Unknown child stroke of fp_line.
        Warning: Unknown child uuid of fp_line.
        Warning: Unknown child stroke of fp_line.
        Warning: Unknown child uuid of fp_line.
        Warning: Unknown child stroke of fp_line.
        Warning: Unknown child uuid of fp_line.
        Warning: Unknown child stroke of fp_line.
        Warning: Unknown child uuid of fp_line.
        Warning: Unknown child stroke of fp_line.
        Warning: Unknown child uuid of fp_line.
        Warning: Unknown child stroke of fp_line.
        Warning: Unknown child uuid of fp_line.
        Warning: Unknown child stroke of fp_line.
        Warning: Unknown child uuid of fp_line.
        Warning: Unknown child stroke of fp_line.
        Warning: Unknown child uuid of fp_line.
        Warning: Unknown child stroke of fp_line.
        Warning: Unknown child uuid of fp_line.
        Warning: Unknown child stroke of fp_line.
        Warning: Unknown child uuid of fp_line.
        Warning: Unknown child stroke of fp_line.
        Warning: Unknown child uuid of fp_line.
        Warning: Unknown child stroke of fp_line.
        Warning: Unknown child uuid of fp_line.
        Warning: Unknown child stroke of fp_line.
        Warning: Unknown child uuid of fp_line.
        Warning: Unknown child stroke of fp_line.
        Warning: Unknown child uuid of fp_line.
        Warning: Unknown child stroke of fp_line.
        Warning: Unknown child uuid of fp_line.
        Warning: Unknown child stroke of fp_line.
        Warning: Unknown child uuid of fp_line.
        Warning: Unknown child stroke of fp_line.
        Warning: Unknown child uuid of fp_line.
        Warning: Unknown child stroke of fp_circle.
        Warning: Unknown child uuid of fp_circle.
        Warning: Unknown child uuid of fp_text.
        Warning: Unknown child uuid of pad.
        Warning: Unknown child uuid of pad.
        Warning: Unknown child embedded_fonts of footprint.
        Warning: Unknown child uuid of footprint.
        Warning: Unknown child uuid of property.
        Warning: Unknown child sheetname of footprint.
        Warning: Unknown child sheetfile of footprint.
        Warning: Unknown child units of footprint.
        Warning: Unknown child duplicate_pad_numbers_are_jumpers of footprint.
        Warning: Unknown child stroke of fp_circle.
        Warning: Unknown child uuid of fp_circle.
        Warning: Unknown child stroke of fp_circle.
        Warning: Unknown child uuid of fp_circle.
        Warning: Unknown child uuid of fp_text.
        Warning: Unknown child uuid of pad.
        Warning: Unknown child embedded_fonts of footprint.
        Warning: Unknown child uuid of footprint.
        Warning: Unknown child uuid of property.
        Warning: Unknown child sheetname of footprint.
        Warning: Unknown child sheetfile of footprint.
        Warning: Unknown child units of footprint.
        Warning: Unknown child duplicate_pad_numbers_are_jumpers of footprint.
        Warning: Unknown child stroke of fp_line.
        Warning: Unknown child uuid of fp_line.
        Warning: Unknown child stroke of fp_line.
        Warning: Unknown child uuid of fp_line.
        Warning: Unknown child stroke of fp_rect.
        Warning: Unknown child uuid of fp_rect.
        Warning: Unknown child stroke of fp_rect.
        Warning: Unknown child uuid of fp_rect.
        Warning: Unknown child uuid of fp_text.
        Warning: Unknown child uuid of pad.
        Warning: Unknown child uuid of pad.
        Warning: Unknown child embedded_fonts of footprint.
        Warning: Unknown child uuid of footprint.
        Warning: Unknown child unlocked of property.
        Warning: Unknown child uuid of property.
        Warning: Unknown child sheetname of footprint.
        Warning: Unknown child sheetfile of footprint.
        Warning: Unknown child units of footprint.
        Warning: Unknown child duplicate_pad_numbers_are_jumpers of footprint.
        Warning: Unknown child stroke of fp_line.
        Warning: Unknown child uuid of fp_line.
        Warning: Unknown child stroke of fp_line.
        Warning: Unknown child uuid of fp_line.
        Warning: Unknown child stroke of fp_line.
        Warning: Unknown child uuid of fp_line.
        Warning: Unknown child stroke of fp_line.
        Warning: Unknown child uuid of fp_line.
        Warning: Unknown child stroke of fp_line.
        Warning: Unknown child uuid of fp_line.
        Warning: Unknown child stroke of fp_line.
        Warning: Unknown child uuid of fp_line.
        Warning: Unknown child stroke of fp_line.
        Warning: Unknown child uuid of fp_line.
        Warning: Unknown child stroke of fp_line.
        Warning: Unknown child uuid of fp_line.
        Warning: Unknown child stroke of fp_line.
        Warning: Unknown child uuid of fp_line.
        Warning: Unknown child stroke of fp_line.
        Warning: Unknown child uuid of fp_line.
        Warning: Unknown child stroke of fp_line.
        Warning: Unknown child uuid of fp_line.
        Warning: Unknown child stroke of fp_line.
        Warning: Unknown child uuid of fp_line.
        Warning: Unknown child stroke of fp_line.
        Warning: Unknown child uuid of fp_line.
        Warning: Unknown child stroke of fp_line.
        Warning: Unknown child uuid of fp_line.
        Warning: Unknown child stroke of fp_line.
        Warning: Unknown child uuid of fp_line.
        Warning: Unknown child stroke of fp_line.
        Warning: Unknown child uuid of fp_line.
        Warning: Unknown child stroke of fp_line.
        Warning: Unknown child uuid of fp_line.
        Warning: Unknown child stroke of fp_line.
        Warning: Unknown child uuid of fp_line.
        Warning: Unknown child stroke of fp_line.
        Warning: Unknown child uuid of fp_line.
        Warning: Unknown child stroke of fp_line.
        Warning: Unknown child uuid of fp_line.
        Warning: Unknown child stroke of fp_line.
        Warning: Unknown child uuid of fp_line.
        Warning: Unknown child stroke of fp_line.
        Warning: Unknown child uuid of fp_line.
        Warning: Unknown child stroke of fp_circle.
        Warning: Unknown child uuid of fp_circle.
        Warning: Unknown child unlocked of fp_text.
        Warning: Unknown child uuid of fp_text.
        Warning: Unknown child uuid of pad.
        Warning: Unknown child uuid of pad.
        Warning: Unknown child zone of footprint.
        Warning: Unknown child embedded_fonts of footprint.
        Warning: Unknown child uuid of footprint.
        Warning: Unknown child unlocked of property.
        Warning: Unknown child uuid of property.
        Warning: Unknown child sheetname of footprint.
        Warning: Unknown child sheetfile of footprint.
        Warning: Unknown child units of footprint.
        Warning: Unknown child duplicate_pad_numbers_are_jumpers of footprint.
        Warning: Unknown child stroke of fp_line.
        Warning: Unknown child uuid of fp_line.
        Warning: Unknown child stroke of fp_line.
        Warning: Unknown child uuid of fp_line.
        Warning: Unknown child stroke of fp_poly.
        Warning: Unknown child uuid of fp_poly.
        Warning: Unknown child stroke of fp_poly.
        Warning: Unknown child uuid of fp_poly.
        Warning: Unknown child stroke of fp_poly.
        Warning: Unknown child uuid of fp_poly.
        Warning: Unknown child stroke of fp_poly.
        Warning: Unknown child uuid of fp_poly.
        Warning: Unknown child stroke of fp_line.
        Warning: Unknown child uuid of fp_line.
        Warning: Unknown child stroke of fp_line.
        Warning: Unknown child uuid of fp_line.
        Warning: Unknown child stroke of fp_line.
        Warning: Unknown child uuid of fp_line.
        Warning: Unknown child stroke of fp_line.
        Warning: Unknown child uuid of fp_line.
        Warning: Unknown child stroke of fp_line.
        Warning: Unknown child uuid of fp_line.
        Warning: Unknown child stroke of fp_line.
        Warning: Unknown child uuid of fp_line.
        Warning: Unknown child stroke of fp_line.
        Warning: Unknown child uuid of fp_line.
        Warning: Unknown child stroke of fp_line.
        Warning: Unknown child uuid of fp_line.
        Warning: Unknown child stroke of fp_line.
        Warning: Unknown child uuid of fp_line.
        Warning: Unknown child stroke of fp_line.
        Warning: Unknown child uuid of fp_line.
        Warning: Unknown child stroke of fp_line.
        Warning: Unknown child uuid of fp_line.
        Warning: Unknown child stroke of fp_line.
        Warning: Unknown child uuid of fp_line.
        Warning: Unknown child stroke of fp_line.
        Warning: Unknown child uuid of fp_line.
        Warning: Unknown child stroke of fp_line.
        Warning: Unknown child uuid of fp_line.
        Warning: Unknown child stroke of fp_line.
        Warning: Unknown child uuid of fp_line.
        Warning: Unknown child stroke of fp_line.
        Warning: Unknown child uuid of fp_line.
        Warning: Unknown child stroke of fp_line.
        Warning: Unknown child uuid of fp_line.
        Warning: Unknown child stroke of fp_line.
        Warning: Unknown child uuid of fp_line.
        Warning: Unknown child stroke of fp_line.
        Warning: Unknown child uuid of fp_line.
        Warning: Unknown child stroke of fp_line.
        Warning: Unknown child uuid of fp_line.
        Warning: Unknown child stroke of fp_line.
        Warning: Unknown child uuid of fp_line.
        Warning: Unknown child stroke of fp_line.
        Warning: Unknown child uuid of fp_line.
        Warning: Unknown child stroke of fp_line.
        Warning: Unknown child uuid of fp_line.
        Warning: Unknown child stroke of fp_line.
        Warning: Unknown child uuid of fp_line.
        Warning: Unknown child stroke of fp_line.
        Warning: Unknown child uuid of fp_line.
        Warning: Unknown child stroke of fp_line.
        Warning: Unknown child uuid of fp_line.
        Warning: Unknown child stroke of fp_line.
        Warning: Unknown child uuid of fp_line.
        Warning: Unknown child stroke of fp_line.
        Warning: Unknown child uuid of fp_line.
        Warning: Unknown child stroke of fp_line.
        Warning: Unknown child uuid of fp_line.
        Warning: Unknown child stroke of fp_line.
        Warning: Unknown child uuid of fp_line.
        Warning: Unknown child stroke of fp_line.
        Warning: Unknown child uuid of fp_line.
        Warning: Unknown child stroke of fp_line.
        Warning: Unknown child uuid of fp_line.
        Warning: Unknown child stroke of fp_line.
        Warning: Unknown child uuid of fp_line.
        Warning: Unknown child stroke of fp_line.
        Warning: Unknown child uuid of fp_line.
        Warning: Unknown child stroke of fp_line.
        Warning: Unknown child uuid of fp_line.
        Warning: Unknown child stroke of fp_line.
        Warning: Unknown child uuid of fp_line.
        Warning: Unknown child stroke of fp_line.
        Warning: Unknown child uuid of fp_line.
        Warning: Unknown child stroke of fp_line.
        Warning: Unknown child uuid of fp_line.
        Warning: Unknown child stroke of fp_line.
        Warning: Unknown child uuid of fp_line.
        Warning: Unknown child stroke of fp_line.
        Warning: Unknown child uuid of fp_line.
        Warning: Unknown child stroke of fp_line.
        Warning: Unknown child uuid of fp_line.
        Warning: Unknown child stroke of fp_line.
        Warning: Unknown child uuid of fp_line.
        Warning: Unknown child stroke of fp_line.
        Warning: Unknown child uuid of fp_line.
        Warning: Unknown child stroke of fp_line.
        Warning: Unknown child uuid of fp_line.
        Warning: Unknown child stroke of fp_line.
        Warning: Unknown child uuid of fp_line.
        Warning: Unknown child stroke of fp_line.
        Warning: Unknown child uuid of fp_line.
        Warning: Unknown child stroke of fp_line.
        Warning: Unknown child uuid of fp_line.
        Warning: Unknown child stroke of fp_line.
        Warning: Unknown child uuid of fp_line.
        Warning: Unknown child stroke of fp_arc.
        Warning: Unknown child uuid of fp_arc.
        Warning: Unknown child uuid of fp_text.
        Warning: Unknown child unlocked of fp_text.
        Warning: Unknown child uuid of fp_text.
        Warning: Unknown child unlocked of fp_text.
        Warning: Unknown child uuid of fp_text.
        Warning: Unknown child uuid of fp_text.
        Warning: Unknown child unlocked of fp_text.
        Warning: Unknown child uuid of fp_text.
        Warning: Unknown child uuid of pad.
        Warning: Unknown child uuid of pad.
        Warning: Unknown child uuid of pad.
        Warning: Unknown child uuid of pad.
        Warning: Unknown child uuid of pad.
        Warning: Unknown child uuid of pad.
        Warning: Unknown child uuid of pad.
        Warning: Unknown child uuid of pad.
        Warning: Unknown child uuid of pad.
        Warning: Unknown child embedded_fonts of footprint.
        Warning: Unknown child uuid of footprint.
        Warning: Unknown child uuid of property.
        Warning: Unknown child sheetname of footprint.
        Warning: Unknown child sheetfile of footprint.
        Warning: Unknown child units of footprint.
        Warning: Unknown child duplicate_pad_numbers_are_jumpers of footprint.
        Warning: Unknown child stroke of fp_line.
        Warning: Unknown child uuid of fp_line.
        Warning: Unknown child stroke of fp_line.
        Warning: Unknown child uuid of fp_line.
        Warning: Unknown child stroke of fp_line.
        Warning: Unknown child uuid of fp_line.
        Warning: Unknown child stroke of fp_line.
        Warning: Unknown child uuid of fp_line.
        Warning: Unknown child stroke of fp_line.
        Warning: Unknown child uuid of fp_line.
        Warning: Unknown child stroke of fp_line.
        Warning: Unknown child uuid of fp_line.
        Warning: Unknown child stroke of fp_poly.
        Warning: Unknown child uuid of fp_poly.
        Warning: Unknown child stroke of fp_line.
        Warning: Unknown child uuid of fp_line.
        Warning: Unknown child stroke of fp_line.
        Warning: Unknown child uuid of fp_line.
        Warning: Unknown child stroke of fp_line.
        Warning: Unknown child uuid of fp_line.
        Warning: Unknown child stroke of fp_line.
        Warning: Unknown child uuid of fp_line.
        Warning: Unknown child stroke of fp_line.
        Warning: Unknown child uuid of fp_line.
        Warning: Unknown child stroke of fp_line.
        Warning: Unknown child uuid of fp_line.
        Warning: Unknown child stroke of fp_line.
        Warning: Unknown child uuid of fp_line.
        Warning: Unknown child stroke of fp_line.
        Warning: Unknown child uuid of fp_line.
        Warning: Unknown child stroke of fp_line.
        Warning: Unknown child uuid of fp_line.
        Warning: Unknown child stroke of fp_line.
        Warning: Unknown child uuid of fp_line.
        Warning: Unknown child stroke of fp_line.
        Warning: Unknown child uuid of fp_line.
        Warning: Unknown child stroke of fp_line.
        Warning: Unknown child uuid of fp_line.
        Warning: Unknown child stroke of fp_poly.
        Warning: Unknown child uuid of fp_poly.
        Warning: Unknown child uuid of fp_text.
        Warning: Unknown child uuid of pad.
        Warning: Unknown child uuid of pad.
        Warning: Unknown child uuid of pad.
        Warning: Unknown child uuid of pad.
        Warning: Unknown child uuid of pad.
        Warning: Unknown child uuid of pad.
        Warning: Unknown child uuid of pad.
        Warning: Unknown child uuid of pad.
        Warning: Unknown child uuid of pad.
        Warning: Unknown child uuid of pad.
        Warning: Unknown child embedded_fonts of footprint.
        Warning: Unknown child uuid of footprint.
        Warning: Unknown child uuid of property.
        Warning: Unknown child sheetname of footprint.
        Warning: Unknown child sheetfile of footprint.
        Warning: Unknown child units of footprint.
        Warning: Unknown child duplicate_pad_numbers_are_jumpers of footprint.
        Warning: Unknown child stroke of fp_line.
        Warning: Unknown child uuid of fp_line.
        Warning: Unknown child stroke of fp_line.
        Warning: Unknown child uuid of fp_line.
        Warning: Unknown child stroke of fp_line.
        Warning: Unknown child uuid of fp_line.
        Warning: Unknown child stroke of fp_line.
        Warning: Unknown child uuid of fp_line.
        Warning: Unknown child stroke of fp_line.
        Warning: Unknown child uuid of fp_line.
        Warning: Unknown child stroke of fp_line.
        Warning: Unknown child uuid of fp_line.
        Warning: Unknown child stroke of fp_line.
        Warning: Unknown child uuid of fp_line.
        Warning: Unknown child stroke of fp_line.
        Warning: Unknown child uuid of fp_line.
        Warning: Unknown child stroke of fp_line.
        Warning: Unknown child uuid of fp_line.
        Warning: Unknown child stroke of fp_line.
        Warning: Unknown child uuid of fp_line.
        Warning: Unknown child stroke of fp_line.
        Warning: Unknown child uuid of fp_line.
        Warning: Unknown child stroke of fp_line.
        Warning: Unknown child uuid of fp_line.
        Warning: Unknown child stroke of fp_line.
        Warning: Unknown child uuid of fp_line.
        Warning: Unknown child stroke of fp_line.
        Warning: Unknown child uuid of fp_line.
        Warning: Unknown child stroke of fp_line.
        Warning: Unknown child uuid of fp_line.
        Warning: Unknown child stroke of fp_line.
        Warning: Unknown child uuid of fp_line.
        Warning: Unknown child stroke of fp_line.
        Warning: Unknown child uuid of fp_line.
        Warning: Unknown child stroke of fp_line.
        Warning: Unknown child uuid of fp_line.
        Warning: Unknown child stroke of fp_line.
        Warning: Unknown child uuid of fp_line.
        Warning: Unknown child stroke of fp_line.
        Warning: Unknown child uuid of fp_line.
        Warning: Unknown child stroke of fp_line.
        Warning: Unknown child uuid of fp_line.
        Warning: Unknown child stroke of fp_line.
        Warning: Unknown child uuid of fp_line.
        Warning: Unknown child stroke of fp_line.
        Warning: Unknown child uuid of fp_line.
        Warning: Unknown child stroke of fp_line.
        Warning: Unknown child uuid of fp_line.
        Warning: Unknown child stroke of fp_line.
        Warning: Unknown child uuid of fp_line.
        Warning: Unknown child stroke of fp_line.
        Warning: Unknown child uuid of fp_line.
        Warning: Unknown child stroke of fp_line.
        Warning: Unknown child uuid of fp_line.
        Warning: Unknown child stroke of fp_line.
        Warning: Unknown child uuid of fp_line.
        Warning: Unknown child stroke of fp_line.
        Warning: Unknown child uuid of fp_line.
        Warning: Unknown child stroke of fp_line.
        Warning: Unknown child uuid of fp_line.
        Warning: Unknown child stroke of fp_line.
        Warning: Unknown child uuid of fp_line.
        Warning: Unknown child stroke of fp_line.
        Warning: Unknown child uuid of fp_line.
        Warning: Unknown child stroke of fp_circle.
        Warning: Unknown child uuid of fp_circle.
        Warning: Unknown child uuid of fp_text.
        Warning: Unknown child uuid of pad.
        Warning: Unknown child uuid of pad.
        Warning: Unknown child embedded_fonts of footprint.
        Warning: Unknown child uuid of footprint.
        Warning: Unknown child uuid of property.
        Warning: Unknown child sheetname of footprint.
        Warning: Unknown child sheetfile of footprint.
        Warning: Unknown child units of footprint.
        Warning: Unknown child duplicate_pad_numbers_are_jumpers of footprint.
        Warning: Unknown child stroke of fp_line.
        Warning: Unknown child uuid of fp_line.
        Warning: Unknown child stroke of fp_line.
        Warning: Unknown child uuid of fp_line.
        Warning: Unknown child stroke of fp_rect.
        Warning: Unknown child uuid of fp_rect.
        Warning: Unknown child stroke of fp_rect.
        Warning: Unknown child uuid of fp_rect.
        Warning: Unknown child uuid of fp_text.
        Warning: Unknown child uuid of pad.
        Warning: Unknown child uuid of pad.
        Warning: Unknown child embedded_fonts of footprint.
        Warning: Unknown child uuid of footprint.
        Warning: Unknown child uuid of property.
        Warning: Unknown child sheetname of footprint.
        Warning: Unknown child sheetfile of footprint.
        Warning: Unknown child units of footprint.
        Warning: Unknown child duplicate_pad_numbers_are_jumpers of footprint.
        Warning: Unknown child stroke of fp_line.
        Warning: Unknown child uuid of fp_line.
        Warning: Unknown child stroke of fp_line.
        Warning: Unknown child uuid of fp_line.
        Warning: Unknown child stroke of fp_rect.
        Warning: Unknown child uuid of fp_rect.
        Warning: Unknown child stroke of fp_rect.
        Warning: Unknown child uuid of fp_rect.
        Warning: Unknown child uuid of fp_text.
        Warning: Unknown child uuid of pad.
        Warning: Unknown child uuid of pad.
        Warning: Unknown child embedded_fonts of footprint.
        Warning: Unknown child uuid of footprint.
        Warning: Unknown child hide of property.
        Warning: Unknown child uuid of property.
        Warning: Unknown child sheetname of footprint.
        Warning: Unknown child sheetfile of footprint.
        Warning: Unknown child units of footprint.
        Warning: Unknown child duplicate_pad_numbers_are_jumpers of footprint.
        Warning: Unknown child stroke of fp_line.
        Warning: Unknown child uuid of fp_line.
        Warning: Unknown child stroke of fp_line.
        Warning: Unknown child uuid of fp_line.
        Warning: Unknown child stroke of fp_line.
        Warning: Unknown child uuid of fp_line.
        Warning: Unknown child stroke of fp_line.
        Warning: Unknown child uuid of fp_line.
        Warning: Unknown child stroke of fp_line.
        Warning: Unknown child uuid of fp_line.
        Warning: Unknown child stroke of fp_line.
        Warning: Unknown child uuid of fp_line.
        Warning: Unknown child stroke of fp_rect.
        Warning: Unknown child uuid of fp_rect.
        Warning: Unknown child stroke of fp_line.
        Warning: Unknown child uuid of fp_line.
        Warning: Unknown child stroke of fp_line.
        Warning: Unknown child uuid of fp_line.
        Warning: Unknown child stroke of fp_line.
        Warning: Unknown child uuid of fp_line.
        Warning: Unknown child stroke of fp_line.
        Warning: Unknown child uuid of fp_line.
        Warning: Unknown child stroke of fp_line.
        Warning: Unknown child uuid of fp_line.
        Warning: Unknown child uuid of fp_text.
        Warning: Unknown child remove_unused_layers of pad.
        Warning: Unknown child uuid of pad.
        Warning: Unknown child remove_unused_layers of pad.
        Warning: Unknown child uuid of pad.
        Warning: Unknown child remove_unused_layers of pad.
        Warning: Unknown child uuid of pad.
        Warning: Unknown child embedded_fonts of footprint.
        Warning: Unknown child uuid of footprint.
        Warning: Unknown child uuid of property.
        Warning: Unknown child sheetname of footprint.
        Warning: Unknown child sheetfile of footprint.
        Warning: Unknown child units of footprint.
        Warning: Unknown child duplicate_pad_numbers_are_jumpers of footprint.
        Warning: Unknown child stroke of fp_line.
        Warning: Unknown child uuid of fp_line.
        Warning: Unknown child stroke of fp_line.
        Warning: Unknown child uuid of fp_line.
        Warning: Unknown child stroke of fp_line.
        Warning: Unknown child uuid of fp_line.
        Warning: Unknown child stroke of fp_line.
        Warning: Unknown child uuid of fp_line.
        Warning: Unknown child stroke of fp_line.
        Warning: Unknown child uuid of fp_line.
        Warning: Unknown child stroke of fp_line.
        Warning: Unknown child uuid of fp_line.
        Warning: Unknown child stroke of fp_line.
        Warning: Unknown child uuid of fp_line.
        Warning: Unknown child stroke of fp_line.
        Warning: Unknown child uuid of fp_line.
        Warning: Unknown child stroke of fp_line.
        Warning: Unknown child uuid of fp_line.
        Warning: Unknown child stroke of fp_line.
        Warning: Unknown child uuid of fp_line.
        Warning: Unknown child stroke of fp_line.
        Warning: Unknown child uuid of fp_line.
        Warning: Unknown child stroke of fp_line.
        Warning: Unknown child uuid of fp_line.
        Warning: Unknown child stroke of fp_line.
        Warning: Unknown child uuid of fp_line.
        Warning: Unknown child stroke of fp_line.
        Warning: Unknown child uuid of fp_line.
        Warning: Unknown child uuid of pad.
        Warning: Unknown child uuid of pad.
        Warning: Unknown child embedded_fonts of footprint.
        Warning: Unknown child uuid of footprint.
        Warning: Unknown child uuid of property.
        Warning: Unknown child sheetname of footprint.
        Warning: Unknown child sheetfile of footprint.
        Warning: Unknown child units of footprint.
        Warning: Unknown child duplicate_pad_numbers_are_jumpers of footprint.
        Warning: Unknown child stroke of fp_line.
        Warning: Unknown child uuid of fp_line.
        Warning: Unknown child stroke of fp_line.
        Warning: Unknown child uuid of fp_line.
        Warning: Unknown child stroke of fp_rect.
        Warning: Unknown child uuid of fp_rect.
        Warning: Unknown child stroke of fp_rect.
        Warning: Unknown child uuid of fp_rect.
        Warning: Unknown child uuid of fp_text.
        Warning: Unknown child uuid of pad.
        Warning: Unknown child uuid of pad.
        Warning: Unknown child embedded_fonts of footprint.
        Warning: Unknown child uuid of footprint.
        Warning: Unknown child hide of property.
        Warning: Unknown child uuid of property.
        Warning: Unknown child sheetname of footprint.
        Warning: Unknown child sheetfile of footprint.
        Warning: Unknown child units of footprint.
        Warning: Unknown child duplicate_pad_numbers_are_jumpers of footprint.
        Warning: Unknown child stroke of fp_circle.
        Warning: Unknown child uuid of fp_circle.
        Warning: Unknown child stroke of fp_circle.
        Warning: Unknown child uuid of fp_circle.
        Warning: Unknown child uuid of fp_text.
        Warning: Unknown child uuid of pad.
        Warning: Unknown child embedded_fonts of footprint.
        Warning: Unknown child uuid of footprint.
        Warning: Unknown child uuid of property.
        Warning: Unknown child sheetname of footprint.
        Warning: Unknown child sheetfile of footprint.
        Warning: Unknown child units of footprint.
        Warning: Unknown child duplicate_pad_numbers_are_jumpers of footprint.
        Warning: Unknown child stroke of fp_line.
        Warning: Unknown child uuid of fp_line.
        Warning: Unknown child stroke of fp_line.
        Warning: Unknown child uuid of fp_line.
        Warning: Unknown child stroke of fp_rect.
        Warning: Unknown child uuid of fp_rect.
        Warning: Unknown child stroke of fp_rect.
        Warning: Unknown child uuid of fp_rect.
        Warning: Unknown child uuid of fp_text.
        Warning: Unknown child uuid of pad.
        Warning: Unknown child uuid of pad.
        Warning: Unknown child embedded_fonts of footprint.
        Warning: Unknown child uuid of footprint.
        Warning: Unknown child hide of property.
        Warning: Unknown child uuid of property.
        Warning: Unknown child sheetname of footprint.
        Warning: Unknown child sheetfile of footprint.
        Warning: Unknown child units of footprint.
        Warning: Unknown child duplicate_pad_numbers_are_jumpers of footprint.
        Warning: Unknown child stroke of fp_line.
        Warning: Unknown child uuid of fp_line.
        Warning: Unknown child stroke of fp_line.
        Warning: Unknown child uuid of fp_line.
        Warning: Unknown child stroke of fp_rect.
        Warning: Unknown child uuid of fp_rect.
        Warning: Unknown child stroke of fp_rect.
        Warning: Unknown child uuid of fp_rect.
        Warning: Unknown child uuid of fp_text.
        Warning: Unknown child uuid of pad.
        Warning: Unknown child uuid of pad.
        Warning: Unknown child embedded_fonts of footprint.
        Warning: Unknown child uuid of footprint.
        Warning: Unknown child uuid of property.
        Warning: Unknown child sheetname of footprint.
        Warning: Unknown child sheetfile of footprint.
        Warning: Unknown child units of footprint.
        Warning: Unknown child duplicate_pad_numbers_are_jumpers of footprint.
        Warning: Unknown child stroke of fp_line.
        Warning: Unknown child uuid of fp_line.
        Warning: Unknown child stroke of fp_line.
        Warning: Unknown child uuid of fp_line.
        Warning: Unknown child stroke of fp_line.
        Warning: Unknown child uuid of fp_line.
        Warning: Unknown child stroke of fp_line.
        Warning: Unknown child uuid of fp_line.
        Warning: Unknown child stroke of fp_line.
        Warning: Unknown child uuid of fp_line.
        Warning: Unknown child stroke of fp_line.
        Warning: Unknown child uuid of fp_line.
        Warning: Unknown child stroke of fp_line.
        Warning: Unknown child uuid of fp_line.
        Warning: Unknown child stroke of fp_line.
        Warning: Unknown child uuid of fp_line.
        Warning: Unknown child stroke of fp_line.
        Warning: Unknown child uuid of fp_line.
        Warning: Unknown child stroke of fp_line.
        Warning: Unknown child uuid of fp_line.
        Warning: Unknown child stroke of fp_line.
        Warning: Unknown child uuid of fp_line.
        Warning: Unknown child stroke of fp_line.
        Warning: Unknown child uuid of fp_line.
        Warning: Unknown child stroke of fp_line.
        Warning: Unknown child uuid of fp_line.
        Warning: Unknown child stroke of fp_line.
        Warning: Unknown child uuid of fp_line.
        Warning: Unknown child stroke of fp_line.
        Warning: Unknown child uuid of fp_line.
        Warning: Unknown child stroke of fp_line.
        Warning: Unknown child uuid of fp_line.
        Warning: Unknown child stroke of fp_line.
        Warning: Unknown child uuid of fp_line.
        Warning: Unknown child uuid of fp_text.
        Warning: Unknown child uuid of pad.
        Warning: Unknown child uuid of pad.
        Warning: Unknown child embedded_fonts of footprint.
        Warning: Unknown child uuid of footprint.
        Warning: Unknown child uuid of property.
        Warning: Unknown child sheetname of footprint.
        Warning: Unknown child sheetfile of footprint.
        Warning: Unknown child units of footprint.
        Warning: Unknown child duplicate_pad_numbers_are_jumpers of footprint.
        Warning: Unknown child stroke of fp_line.
        Warning: Unknown child uuid of fp_line.
        Warning: Unknown child stroke of fp_line.
        Warning: Unknown child uuid of fp_line.
        Warning: Unknown child stroke of fp_line.
        Warning: Unknown child uuid of fp_line.
        Warning: Unknown child stroke of fp_line.
        Warning: Unknown child uuid of fp_line.
        Warning: Unknown child stroke of fp_line.
        Warning: Unknown child uuid of fp_line.
        Warning: Unknown child stroke of fp_line.
        Warning: Unknown child uuid of fp_line.
        Warning: Unknown child stroke of fp_rect.
        Warning: Unknown child uuid of fp_rect.
        Warning: Unknown child stroke of fp_line.
        Warning: Unknown child uuid of fp_line.
        Warning: Unknown child stroke of fp_line.
        Warning: Unknown child uuid of fp_line.
        Warning: Unknown child stroke of fp_line.
        Warning: Unknown child uuid of fp_line.
        Warning: Unknown child stroke of fp_line.
        Warning: Unknown child uuid of fp_line.
        Warning: Unknown child stroke of fp_line.
        Warning: Unknown child uuid of fp_line.
        Warning: Unknown child uuid of fp_text.
        Warning: Unknown child remove_unused_layers of pad.
        Warning: Unknown child uuid of pad.
        Warning: Unknown child remove_unused_layers of pad.
        Warning: Unknown child uuid of pad.
        Warning: Unknown child remove_unused_layers of pad.
        Warning: Unknown child uuid of pad.
        Warning: Unknown child remove_unused_layers of pad.
        Warning: Unknown child uuid of pad.
        Warning: Unknown child remove_unused_layers of pad.
        Warning: Unknown child uuid of pad.
        Warning: Unknown child remove_unused_layers of pad.
        Warning: Unknown child uuid of pad.
        Warning: Unknown child remove_unused_layers of pad.
        Warning: Unknown child uuid of pad.
        Warning: Unknown child remove_unused_layers of pad.
        Warning: Unknown child uuid of pad.
        Warning: Unknown child embedded_fonts of footprint.
        Warning: Unknown child uuid of footprint.
        Warning: Unknown child uuid of property.
        Warning: Unknown child sheetname of footprint.
        Warning: Unknown child sheetfile of footprint.
        Warning: Unknown child units of footprint.
        Warning: Unknown child duplicate_pad_numbers_are_jumpers of footprint.
        Warning: Unknown child stroke of fp_circle.
        Warning: Unknown child uuid of fp_circle.
        Warning: Unknown child stroke of fp_circle.
        Warning: Unknown child uuid of fp_circle.
        Warning: Unknown child uuid of fp_text.
        Warning: Unknown child uuid of pad.
        Warning: Unknown child embedded_fonts of footprint.
        Warning: Unknown child uuid of footprint.
        Warning: Unknown child uuid of property.
        Warning: Unknown child sheetname of footprint.
        Warning: Unknown child sheetfile of footprint.
        Warning: Unknown child units of footprint.
        Warning: Unknown child duplicate_pad_numbers_are_jumpers of footprint.
        Warning: Unknown child stroke of fp_line.
        Warning: Unknown child uuid of fp_line.
        Warning: Unknown child stroke of fp_line.
        Warning: Unknown child uuid of fp_line.
        Warning: Unknown child stroke of fp_line.
        Warning: Unknown child uuid of fp_line.
        Warning: Unknown child stroke of fp_line.
        Warning: Unknown child uuid of fp_line.
        Warning: Unknown child stroke of fp_line.
        Warning: Unknown child uuid of fp_line.
        Warning: Unknown child stroke of fp_line.
        Warning: Unknown child uuid of fp_line.
        Warning: Unknown child stroke of fp_poly.
        Warning: Unknown child uuid of fp_poly.
        Warning: Unknown child stroke of fp_line.
        Warning: Unknown child uuid of fp_line.
        Warning: Unknown child stroke of fp_line.
        Warning: Unknown child uuid of fp_line.
        Warning: Unknown child stroke of fp_line.
        Warning: Unknown child uuid of fp_line.
        Warning: Unknown child stroke of fp_line.
        Warning: Unknown child uuid of fp_line.
        Warning: Unknown child stroke of fp_line.
        Warning: Unknown child uuid of fp_line.
        Warning: Unknown child stroke of fp_line.
        Warning: Unknown child uuid of fp_line.
        Warning: Unknown child stroke of fp_line.
        Warning: Unknown child uuid of fp_line.
        Warning: Unknown child stroke of fp_line.
        Warning: Unknown child uuid of fp_line.
        Warning: Unknown child stroke of fp_line.
        Warning: Unknown child uuid of fp_line.
        Warning: Unknown child stroke of fp_line.
        Warning: Unknown child uuid of fp_line.
        Warning: Unknown child stroke of fp_line.
        Warning: Unknown child uuid of fp_line.
        Warning: Unknown child stroke of fp_line.
        Warning: Unknown child uuid of fp_line.
        Warning: Unknown child stroke of fp_poly.
        Warning: Unknown child uuid of fp_poly.
        Warning: Unknown child uuid of fp_text.
        Warning: Unknown child uuid of pad.
        Warning: Unknown child uuid of pad.
        Warning: Unknown child uuid of pad.
        Warning: Unknown child uuid of pad.
        Warning: Unknown child uuid of pad.
        Warning: Unknown child uuid of pad.
        Warning: Unknown child embedded_fonts of footprint.
        Warning: Unknown child uuid of footprint.
        Warning: Unknown child uuid of property.
        Warning: Unknown child sheetname of footprint.
        Warning: Unknown child sheetfile of footprint.
        Warning: Unknown child units of footprint.
        Warning: Unknown child duplicate_pad_numbers_are_jumpers of footprint.
        Warning: Unknown child stroke of fp_circle.
        Warning: Unknown child uuid of fp_circle.
        Warning: Unknown child stroke of fp_circle.
        Warning: Unknown child uuid of fp_circle.
        Warning: Unknown child uuid of fp_text.
        Warning: Unknown child uuid of pad.
        Warning: Unknown child embedded_fonts of footprint.
        Warning: Unknown child uuid of footprint.
        Warning: Unknown child uuid of property.
        Warning: Unknown child sheetname of footprint.
        Warning: Unknown child sheetfile of footprint.
        Warning: Unknown child units of footprint.
        Warning: Unknown child duplicate_pad_numbers_are_jumpers of footprint.
        Warning: Unknown child stroke of fp_line.
        Warning: Unknown child uuid of fp_line.
        Warning: Unknown child stroke of fp_line.
        Warning: Unknown child uuid of fp_line.
        Warning: Unknown child stroke of fp_line.
        Warning: Unknown child uuid of fp_line.
        Warning: Unknown child stroke of fp_line.
        Warning: Unknown child uuid of fp_line.
        Warning: Unknown child stroke of fp_line.
        Warning: Unknown child uuid of fp_line.
        Warning: Unknown child stroke of fp_line.
        Warning: Unknown child uuid of fp_line.
        Warning: Unknown child stroke of fp_rect.
        Warning: Unknown child uuid of fp_rect.
        Warning: Unknown child stroke of fp_line.
        Warning: Unknown child uuid of fp_line.
        Warning: Unknown child stroke of fp_line.
        Warning: Unknown child uuid of fp_line.
        Warning: Unknown child stroke of fp_line.
        Warning: Unknown child uuid of fp_line.
        Warning: Unknown child stroke of fp_line.
        Warning: Unknown child uuid of fp_line.
        Warning: Unknown child stroke of fp_line.
        Warning: Unknown child uuid of fp_line.
        Warning: Unknown child uuid of fp_text.
        Warning: Unknown child remove_unused_layers of pad.
        Warning: Unknown child uuid of pad.
        Warning: Unknown child remove_unused_layers of pad.
        Warning: Unknown child uuid of pad.
        Warning: Unknown child remove_unused_layers of pad.
        Warning: Unknown child uuid of pad.
        Warning: Unknown child remove_unused_layers of pad.
        Warning: Unknown child uuid of pad.
        Warning: Unknown child remove_unused_layers of pad.
        Warning: Unknown child uuid of pad.
        Warning: Unknown child remove_unused_layers of pad.
        Warning: Unknown child uuid of pad.
        Warning: Unknown child remove_unused_layers of pad.
        Warning: Unknown child uuid of pad.
        Warning: Unknown child remove_unused_layers of pad.
        Warning: Unknown child uuid of pad.
        Warning: Unknown child embedded_fonts of footprint.
        Warning: Unknown child uuid of footprint.
        Warning: Unknown child hide of property.
        Warning: Unknown child uuid of property.
        Warning: Unknown child sheetname of footprint.
        Warning: Unknown child sheetfile of footprint.
        Warning: Unknown child units of footprint.
        Warning: Unknown child duplicate_pad_numbers_are_jumpers of footprint.
        Warning: Unknown child stroke of fp_line.
        Warning: Unknown child uuid of fp_line.
        Warning: Unknown child stroke of fp_line.
        Warning: Unknown child uuid of fp_line.
        Warning: Unknown child stroke of fp_line.
        Warning: Unknown child uuid of fp_line.
        Warning: Unknown child stroke of fp_line.
        Warning: Unknown child uuid of fp_line.
        Warning: Unknown child stroke of fp_line.
        Warning: Unknown child uuid of fp_line.
        Warning: Unknown child stroke of fp_line.
        Warning: Unknown child uuid of fp_line.
        Warning: Unknown child stroke of fp_line.
        Warning: Unknown child uuid of fp_line.
        Warning: Unknown child stroke of fp_line.
        Warning: Unknown child uuid of fp_line.
        Warning: Unknown child stroke of fp_line.
        Warning: Unknown child uuid of fp_line.
        Warning: Unknown child stroke of fp_line.
        Warning: Unknown child uuid of fp_line.
        Warning: Unknown child stroke of fp_line.
        Warning: Unknown child uuid of fp_line.
        Warning: Unknown child stroke of fp_line.
        Warning: Unknown child uuid of fp_line.
        Warning: Unknown child remove_unused_layers of pad.
        Warning: Unknown child uuid of pad.
        Warning: Unknown child remove_unused_layers of pad.
        Warning: Unknown child uuid of pad.
        Warning: Unknown child remove_unused_layers of pad.
        Warning: Unknown child uuid of pad.
        Warning: Unknown child remove_unused_layers of pad.
        Warning: Unknown child uuid of pad.
        Warning: Unknown child embedded_fonts of footprint.
        Warning: Unknown child uuid of footprint.
        Warning: Unknown child uuid of property.
        Warning: Unknown child sheetname of footprint.
        Warning: Unknown child sheetfile of footprint.
        Warning: Unknown child units of footprint.
        Warning: Unknown child duplicate_pad_numbers_are_jumpers of footprint.
        Warning: Unknown child stroke of fp_line.
        Warning: Unknown child uuid of fp_line.
        Warning: Unknown child stroke of fp_line.
        Warning: Unknown child uuid of fp_line.
        Warning: Unknown child stroke of fp_line.
        Warning: Unknown child uuid of fp_line.
        Warning: Unknown child stroke of fp_line.
        Warning: Unknown child uuid of fp_line.
        Warning: Unknown child stroke of fp_line.
        Warning: Unknown child uuid of fp_line.
        Warning: Unknown child stroke of fp_line.
        Warning: Unknown child uuid of fp_line.
        Warning: Unknown child stroke of fp_rect.
        Warning: Unknown child uuid of fp_rect.
        Warning: Unknown child stroke of fp_line.
        Warning: Unknown child uuid of fp_line.
        Warning: Unknown child stroke of fp_line.
        Warning: Unknown child uuid of fp_line.
        Warning: Unknown child stroke of fp_line.
        Warning: Unknown child uuid of fp_line.
        Warning: Unknown child stroke of fp_line.
        Warning: Unknown child uuid of fp_line.
        Warning: Unknown child stroke of fp_line.
        Warning: Unknown child uuid of fp_line.
        Warning: Unknown child uuid of fp_text.
        Warning: Unknown child remove_unused_layers of pad.
        Warning: Unknown child uuid of pad.
        Warning: Unknown child remove_unused_layers of pad.
        Warning: Unknown child uuid of pad.
        Warning: Unknown child remove_unused_layers of pad.
        Warning: Unknown child uuid of pad.
        Warning: Unknown child remove_unused_layers of pad.
        Warning: Unknown child uuid of pad.
        Warning: Unknown child remove_unused_layers of pad.
        Warning: Unknown child uuid of pad.
        Warning: Unknown child remove_unused_layers of pad.
        Warning: Unknown child uuid of pad.
        Warning: Unknown child remove_unused_layers of pad.
        Warning: Unknown child uuid of pad.
        Warning: Unknown child remove_unused_layers of pad.
        Warning: Unknown child uuid of pad.
        Warning: Unknown child embedded_fonts of footprint.
        Warning: Unknown child uuid of footprint.
        Warning: Unknown child uuid of property.
        Warning: Unknown child sheetname of footprint.
        Warning: Unknown child sheetfile of footprint.
        Warning: Unknown child units of footprint.
        Warning: Unknown child duplicate_pad_numbers_are_jumpers of footprint.
        Warning: Unknown child stroke of fp_line.
        Warning: Unknown child uuid of fp_line.
        Warning: Unknown child stroke of fp_line.
        Warning: Unknown child uuid of fp_line.
        Warning: Unknown child stroke of fp_rect.
        Warning: Unknown child uuid of fp_rect.
        Warning: Unknown child stroke of fp_rect.
        Warning: Unknown child uuid of fp_rect.
        Warning: Unknown child uuid of fp_text.
        Warning: Unknown child uuid of pad.
        Warning: Unknown child uuid of pad.
        Warning: Unknown child embedded_fonts of footprint.
        Warning: Unknown child uuid of footprint.
        Warning: Unknown child uuid of property.
        Warning: Unknown child sheetname of footprint.
        Warning: Unknown child sheetfile of footprint.
        Warning: Unknown child units of footprint.
        Warning: Unknown child duplicate_pad_numbers_are_jumpers of footprint.
        Warning: Unknown child stroke of fp_line.
        Warning: Unknown child uuid of fp_line.
        Warning: Unknown child stroke of fp_line.
        Warning: Unknown child uuid of fp_line.
        Warning: Unknown child stroke of fp_line.
        Warning: Unknown child uuid of fp_line.
        Warning: Unknown child stroke of fp_line.
        Warning: Unknown child uuid of fp_line.
        Warning: Unknown child stroke of fp_line.
        Warning: Unknown child uuid of fp_line.
        Warning: Unknown child stroke of fp_line.
        Warning: Unknown child uuid of fp_line.
        Warning: Unknown child stroke of fp_line.
        Warning: Unknown child uuid of fp_line.
        Warning: Unknown child stroke of fp_rect.
        Warning: Unknown child uuid of fp_rect.
        Warning: Unknown child stroke of fp_line.
        Warning: Unknown child uuid of fp_line.
        Warning: Unknown child stroke of fp_line.
        Warning: Unknown child uuid of fp_line.
        Warning: Unknown child stroke of fp_line.
        Warning: Unknown child uuid of fp_line.
        Warning: Unknown child stroke of fp_rect.
        Warning: Unknown child uuid of fp_rect.
        Warning: Unknown child uuid of fp_text.
        Warning: Unknown child remove_unused_layers of pad.
        Warning: Unknown child uuid of pad.
        Warning: Unknown child remove_unused_layers of pad.
        Warning: Unknown child uuid of pad.
        Warning: Unknown child remove_unused_layers of pad.
        Warning: Unknown child uuid of pad.
        Warning: Unknown child embedded_fonts of footprint.
        Warning: Unknown child uuid of footprint.
        Warning: Unknown child uuid of property.
        Warning: Unknown child sheetname of footprint.
        Warning: Unknown child sheetfile of footprint.
        Warning: Unknown child units of footprint.
        Warning: Unknown child duplicate_pad_numbers_are_jumpers of footprint.
        Warning: Unknown child stroke of fp_circle.
        Warning: Unknown child uuid of fp_circle.
        Warning: Unknown child stroke of fp_circle.
        Warning: Unknown child uuid of fp_circle.
        Warning: Unknown child uuid of fp_text.
        Warning: Unknown child uuid of pad.
        Warning: Unknown child embedded_fonts of footprint.
        Warning: Unknown child uuid of footprint.
        Warning: Unknown child uuid of property.
        Warning: Unknown child sheetname of footprint.
        Warning: Unknown child sheetfile of footprint.
        Warning: Unknown child units of footprint.
        Warning: Unknown child duplicate_pad_numbers_are_jumpers of footprint.
        Warning: Unknown child stroke of fp_line.
        Warning: Unknown child uuid of fp_line.
        Warning: Unknown child stroke of fp_line.
        Warning: Unknown child uuid of fp_line.
        Warning: Unknown child stroke of fp_line.
        Warning: Unknown child uuid of fp_line.
        Warning: Unknown child stroke of fp_line.
        Warning: Unknown child uuid of fp_line.
        Warning: Unknown child stroke of fp_line.
        Warning: Unknown child uuid of fp_line.
        Warning: Unknown child stroke of fp_line.
        Warning: Unknown child uuid of fp_line.
        Warning: Unknown child stroke of fp_line.
        Warning: Unknown child uuid of fp_line.
        Warning: Unknown child stroke of fp_line.
        Warning: Unknown child uuid of fp_line.
        Warning: Unknown child stroke of fp_line.
        Warning: Unknown child uuid of fp_line.
        Warning: Unknown child stroke of fp_line.
        Warning: Unknown child uuid of fp_line.
        Warning: Unknown child stroke of fp_line.
        Warning: Unknown child uuid of fp_line.
        Warning: Unknown child stroke of fp_line.
        Warning: Unknown child uuid of fp_line.
        Warning: Unknown child stroke of fp_line.
        Warning: Unknown child uuid of fp_line.
        Warning: Unknown child stroke of fp_line.
        Warning: Unknown child uuid of fp_line.
        Warning: Unknown child stroke of fp_line.
        Warning: Unknown child uuid of fp_line.
        Warning: Unknown child stroke of fp_line.
        Warning: Unknown child uuid of fp_line.
        Warning: Unknown child stroke of fp_line.
        Warning: Unknown child uuid of fp_line.
        Warning: Unknown child stroke of fp_line.
        Warning: Unknown child uuid of fp_line.
        Warning: Unknown child uuid of fp_text.
        Warning: Unknown child remove_unused_layers of pad.
        Warning: Unknown child uuid of pad.
        Warning: Unknown child remove_unused_layers of pad.
        Warning: Unknown child uuid of pad.
        Warning: Unknown child embedded_fonts of footprint.
        Warning: Unknown child uuid of footprint.
        Warning: Unknown child uuid of property.
        Warning: Unknown child sheetname of footprint.
        Warning: Unknown child sheetfile of footprint.
        Warning: Unknown child units of footprint.
        Warning: Unknown child duplicate_pad_numbers_are_jumpers of footprint.
        Warning: Unknown child stroke of fp_line.
        Warning: Unknown child uuid of fp_line.
        Warning: Unknown child stroke of fp_line.
        Warning: Unknown child uuid of fp_line.
        Warning: Unknown child stroke of fp_line.
        Warning: Unknown child uuid of fp_line.
        Warning: Unknown child stroke of fp_line.
        Warning: Unknown child uuid of fp_line.
        Warning: Unknown child stroke of fp_line.
        Warning: Unknown child uuid of fp_line.
        Warning: Unknown child stroke of fp_line.
        Warning: Unknown child uuid of fp_line.
        Warning: Unknown child stroke of fp_line.
        Warning: Unknown child uuid of fp_line.
        Warning: Unknown child stroke of fp_line.
        Warning: Unknown child uuid of fp_line.
        Warning: Unknown child stroke of fp_line.
        Warning: Unknown child uuid of fp_line.
        Warning: Unknown child stroke of fp_line.
        Warning: Unknown child uuid of fp_line.
        Warning: Unknown child stroke of fp_line.
        Warning: Unknown child uuid of fp_line.
        Warning: Unknown child stroke of fp_line.
        Warning: Unknown child uuid of fp_line.
        Warning: Unknown child stroke of fp_line.
        Warning: Unknown child uuid of fp_line.
        Warning: Unknown child stroke of fp_line.
        Warning: Unknown child uuid of fp_line.
        Warning: Unknown child stroke of fp_line.
        Warning: Unknown child uuid of fp_line.
        Warning: Unknown child stroke of fp_line.
        Warning: Unknown child uuid of fp_line.
        Warning: Unknown child stroke of fp_line.
        Warning: Unknown child uuid of fp_line.
        Warning: Unknown child stroke of fp_line.
        Warning: Unknown child uuid of fp_line.
        Warning: Unknown child stroke of fp_line.
        Warning: Unknown child uuid of fp_line.
        Warning: Unknown child stroke of fp_line.
        Warning: Unknown child uuid of fp_line.
        Warning: Unknown child stroke of fp_line.
        Warning: Unknown child uuid of fp_line.
        Warning: Unknown child stroke of fp_line.
        Warning: Unknown child uuid of fp_line.
        Warning: Unknown child stroke of fp_line.
        Warning: Unknown child uuid of fp_line.
        Warning: Unknown child stroke of fp_line.
        Warning: Unknown child uuid of fp_line.
        Warning: Unknown child stroke of fp_line.
        Warning: Unknown child uuid of fp_line.
        Warning: Unknown child stroke of fp_line.
        Warning: Unknown child uuid of fp_line.
        Warning: Unknown child stroke of fp_line.
        Warning: Unknown child uuid of fp_line.
        Warning: Unknown child stroke of fp_line.
        Warning: Unknown child uuid of fp_line.
        Warning: Unknown child stroke of fp_line.
        Warning: Unknown child uuid of fp_line.
        Warning: Unknown child stroke of fp_line.
        Warning: Unknown child uuid of fp_line.
        Warning: Unknown child stroke of fp_line.
        Warning: Unknown child uuid of fp_line.
        Warning: Unknown child stroke of fp_line.
        Warning: Unknown child uuid of fp_line.
        Warning: Unknown child stroke of fp_circle.
        Warning: Unknown child uuid of fp_circle.
        Warning: Unknown child uuid of fp_text.
        Warning: Unknown child uuid of pad.
        Warning: Unknown child uuid of pad.
        Warning: Unknown child embedded_fonts of footprint.
        Warning: Unknown child uuid of footprint.
        Warning: Unknown child uuid of property.
        Warning: Unknown child sheetname of footprint.
        Warning: Unknown child sheetfile of footprint.
        Warning: Unknown child units of footprint.
        Warning: Unknown child duplicate_pad_numbers_are_jumpers of footprint.
        Warning: Unknown child stroke of fp_line.
        Warning: Unknown child uuid of fp_line.
        Warning: Unknown child stroke of fp_line.
        Warning: Unknown child uuid of fp_line.
        Warning: Unknown child stroke of fp_line.
        Warning: Unknown child uuid of fp_line.
        Warning: Unknown child stroke of fp_line.
        Warning: Unknown child uuid of fp_line.
        Warning: Unknown child stroke of fp_line.
        Warning: Unknown child uuid of fp_line.
        Warning: Unknown child stroke of fp_line.
        Warning: Unknown child uuid of fp_line.
        Warning: Unknown child stroke of fp_line.
        Warning: Unknown child uuid of fp_line.
        Warning: Unknown child stroke of fp_line.
        Warning: Unknown child uuid of fp_line.
        Warning: Unknown child stroke of fp_line.
        Warning: Unknown child uuid of fp_line.
        Warning: Unknown child stroke of fp_line.
        Warning: Unknown child uuid of fp_line.
        Warning: Unknown child stroke of fp_line.
        Warning: Unknown child uuid of fp_line.
        Warning: Unknown child stroke of fp_line.
        Warning: Unknown child uuid of fp_line.
        Warning: Unknown child stroke of fp_line.
        Warning: Unknown child uuid of fp_line.
        Warning: Unknown child stroke of fp_line.
        Warning: Unknown child uuid of fp_line.
        Warning: Unknown child stroke of fp_line.
        Warning: Unknown child uuid of fp_line.
        Warning: Unknown child stroke of fp_line.
        Warning: Unknown child uuid of fp_line.
        Warning: Unknown child stroke of fp_line.
        Warning: Unknown child uuid of fp_line.
        Warning: Unknown child stroke of fp_line.
        Warning: Unknown child uuid of fp_line.
        Warning: Unknown child uuid of fp_text.
        Warning: Unknown child remove_unused_layers of pad.
        Warning: Unknown child uuid of pad.
        Warning: Unknown child remove_unused_layers of pad.
        Warning: Unknown child uuid of pad.
        Warning: Unknown child embedded_fonts of footprint.
        Warning: Unknown child uuid of footprint.
        Warning: Unknown child uuid of property.
        Warning: Unknown child sheetname of footprint.
        Warning: Unknown child sheetfile of footprint.
        Warning: Unknown child units of footprint.
        Warning: Unknown child duplicate_pad_numbers_are_jumpers of footprint.
        Warning: Unknown child stroke of fp_line.
        Warning: Unknown child uuid of fp_line.
        Warning: Unknown child stroke of fp_line.
        Warning: Unknown child uuid of fp_line.
        Warning: Unknown child stroke of fp_line.
        Warning: Unknown child uuid of fp_line.
        Warning: Unknown child stroke of fp_line.
        Warning: Unknown child uuid of fp_line.
        Warning: Unknown child stroke of fp_line.
        Warning: Unknown child uuid of fp_line.
        Warning: Unknown child stroke of fp_line.
        Warning: Unknown child uuid of fp_line.
        Warning: Unknown child stroke of fp_line.
        Warning: Unknown child uuid of fp_line.
        Warning: Unknown child stroke of fp_line.
        Warning: Unknown child uuid of fp_line.
        Warning: Unknown child stroke of fp_line.
        Warning: Unknown child uuid of fp_line.
        Warning: Unknown child stroke of fp_line.
        Warning: Unknown child uuid of fp_line.
        Warning: Unknown child stroke of fp_line.
        Warning: Unknown child uuid of fp_line.
        Warning: Unknown child stroke of fp_line.
        Warning: Unknown child uuid of fp_line.
        Warning: Unknown child stroke of fp_line.
        Warning: Unknown child uuid of fp_line.
        Warning: Unknown child stroke of fp_line.
        Warning: Unknown child uuid of fp_line.
        Warning: Unknown child stroke of fp_line.
        Warning: Unknown child uuid of fp_line.
        Warning: Unknown child stroke of fp_line.
        Warning: Unknown child uuid of fp_line.
        Warning: Unknown child stroke of fp_line.
        Warning: Unknown child uuid of fp_line.
        Warning: Unknown child uuid of fp_text.
        Warning: Unknown child uuid of pad.
        Warning: Unknown child uuid of pad.
        Warning: Unknown child embedded_fonts of footprint.
        Warning: Unknown child uuid of footprint.
        Warning: Unknown child uuid of property.
        Warning: Unknown child sheetname of footprint.
        Warning: Unknown child sheetfile of footprint.
        Warning: Unknown child units of footprint.
        Warning: Unknown child duplicate_pad_numbers_are_jumpers of footprint.
        Warning: Unknown child stroke of fp_line.
        Warning: Unknown child uuid of fp_line.
        Warning: Unknown child stroke of fp_line.
        Warning: Unknown child uuid of fp_line.
        Warning: Unknown child stroke of fp_rect.
        Warning: Unknown child uuid of fp_rect.
        Warning: Unknown child stroke of fp_rect.
        Warning: Unknown child uuid of fp_rect.
        Warning: Unknown child uuid of fp_text.
        Warning: Unknown child uuid of pad.
        Warning: Unknown child uuid of pad.
        Warning: Unknown child embedded_fonts of footprint.
        Warning: Unknown child uuid of footprint.
        Warning: Unknown child unlocked of property.
        Warning: Unknown child uuid of property.
        Warning: Unknown child sheetname of footprint.
        Warning: Unknown child sheetfile of footprint.
        Warning: Unknown child units of footprint.
        Warning: Unknown child duplicate_pad_numbers_are_jumpers of footprint.
        Warning: Unknown child stroke of fp_line.
        Warning: Unknown child uuid of fp_line.
        Warning: Unknown child stroke of fp_line.
        Warning: Unknown child uuid of fp_line.
        Warning: Unknown child stroke of fp_poly.
        Warning: Unknown child uuid of fp_poly.
        Warning: Unknown child stroke of fp_poly.
        Warning: Unknown child uuid of fp_poly.
        Warning: Unknown child stroke of fp_poly.
        Warning: Unknown child uuid of fp_poly.
        Warning: Unknown child stroke of fp_poly.
        Warning: Unknown child uuid of fp_poly.
        Warning: Unknown child stroke of fp_line.
        Warning: Unknown child uuid of fp_line.
        Warning: Unknown child stroke of fp_line.
        Warning: Unknown child uuid of fp_line.
        Warning: Unknown child stroke of fp_line.
        Warning: Unknown child uuid of fp_line.
        Warning: Unknown child stroke of fp_line.
        Warning: Unknown child uuid of fp_line.
        Warning: Unknown child stroke of fp_line.
        Warning: Unknown child uuid of fp_line.
        Warning: Unknown child stroke of fp_line.
        Warning: Unknown child uuid of fp_line.
        Warning: Unknown child stroke of fp_line.
        Warning: Unknown child uuid of fp_line.
        Warning: Unknown child stroke of fp_line.
        Warning: Unknown child uuid of fp_line.
        Warning: Unknown child stroke of fp_line.
        Warning: Unknown child uuid of fp_line.
        Warning: Unknown child stroke of fp_line.
        Warning: Unknown child uuid of fp_line.
        Warning: Unknown child stroke of fp_line.
        Warning: Unknown child uuid of fp_line.
        Warning: Unknown child stroke of fp_line.
        Warning: Unknown child uuid of fp_line.
        Warning: Unknown child stroke of fp_line.
        Warning: Unknown child uuid of fp_line.
        Warning: Unknown child stroke of fp_line.
        Warning: Unknown child uuid of fp_line.
        Warning: Unknown child stroke of fp_line.
        Warning: Unknown child uuid of fp_line.
        Warning: Unknown child stroke of fp_line.
        Warning: Unknown child uuid of fp_line.
        Warning: Unknown child stroke of fp_line.
        Warning: Unknown child uuid of fp_line.
        Warning: Unknown child stroke of fp_line.
        Warning: Unknown child uuid of fp_line.
        Warning: Unknown child stroke of fp_line.
        Warning: Unknown child uuid of fp_line.
        Warning: Unknown child stroke of fp_line.
        Warning: Unknown child uuid of fp_line.
        Warning: Unknown child stroke of fp_line.
        Warning: Unknown child uuid of fp_line.
        Warning: Unknown child stroke of fp_line.
        Warning: Unknown child uuid of fp_line.
        Warning: Unknown child stroke of fp_line.
        Warning: Unknown child uuid of fp_line.
        Warning: Unknown child stroke of fp_line.
        Warning: Unknown child uuid of fp_line.
        Warning: Unknown child stroke of fp_line.
        Warning: Unknown child uuid of fp_line.
        Warning: Unknown child stroke of fp_line.
        Warning: Unknown child uuid of fp_line.
        Warning: Unknown child stroke of fp_line.
        Warning: Unknown child uuid of fp_line.
        Warning: Unknown child stroke of fp_line.
        Warning: Unknown child uuid of fp_line.
        Warning: Unknown child stroke of fp_line.
        Warning: Unknown child uuid of fp_line.
        Warning: Unknown child stroke of fp_line.
        Warning: Unknown child uuid of fp_line.
        Warning: Unknown child stroke of fp_line.
        Warning: Unknown child uuid of fp_line.
        Warning: Unknown child stroke of fp_line.
        Warning: Unknown child uuid of fp_line.
        Warning: Unknown child stroke of fp_line.
        Warning: Unknown child uuid of fp_line.
        Warning: Unknown child stroke of fp_line.
        Warning: Unknown child uuid of fp_line.
        Warning: Unknown child stroke of fp_line.
        Warning: Unknown child uuid of fp_line.
        Warning: Unknown child stroke of fp_line.
        Warning: Unknown child uuid of fp_line.
        Warning: Unknown child stroke of fp_line.
        Warning: Unknown child uuid of fp_line.
        Warning: Unknown child stroke of fp_line.
        Warning: Unknown child uuid of fp_line.
        Warning: Unknown child stroke of fp_line.
        Warning: Unknown child uuid of fp_line.
        Warning: Unknown child stroke of fp_line.
        Warning: Unknown child uuid of fp_line.
        Warning: Unknown child stroke of fp_line.
        Warning: Unknown child uuid of fp_line.
        Warning: Unknown child stroke of fp_line.
        Warning: Unknown child uuid of fp_line.
        Warning: Unknown child stroke of fp_line.
        Warning: Unknown child uuid of fp_line.
        Warning: Unknown child stroke of fp_line.
        Warning: Unknown child uuid of fp_line.
        Warning: Unknown child stroke of fp_line.
        Warning: Unknown child uuid of fp_line.
        Warning: Unknown child stroke of fp_line.
        Warning: Unknown child uuid of fp_line.
        Warning: Unknown child stroke of fp_line.
        Warning: Unknown child uuid of fp_line.
        Warning: Unknown child stroke of fp_line.
        Warning: Unknown child uuid of fp_line.
        Warning: Unknown child stroke of fp_arc.
        Warning: Unknown child uuid of fp_arc.
        Warning: Unknown child uuid of fp_text.
        Warning: Unknown child unlocked of fp_text.
        Warning: Unknown child uuid of fp_text.
        Warning: Unknown child unlocked of fp_text.
        Warning: Unknown child uuid of fp_text.
        Warning: Unknown child uuid of fp_text.
        Warning: Unknown child unlocked of fp_text.
        Warning: Unknown child uuid of fp_text.
        Warning: Unknown child uuid of pad.
        Warning: Unknown child uuid of pad.
        Warning: Unknown child uuid of pad.
        Warning: Unknown child uuid of pad.
        Warning: Unknown child uuid of pad.
        Warning: Unknown child uuid of pad.
        Warning: Unknown child uuid of pad.
        Warning: Unknown child uuid of pad.
        Warning: Unknown child uuid of pad.
        Warning: Unknown child embedded_fonts of footprint.
        Warning: Unknown child uuid of footprint.
        Warning: Unknown child uuid of property.
        Warning: Unknown child sheetname of footprint.
        Warning: Unknown child sheetfile of footprint.
        Warning: Unknown child units of footprint.
        Warning: Unknown child duplicate_pad_numbers_are_jumpers of footprint.
        Warning: Unknown child stroke of fp_line.
        Warning: Unknown child uuid of fp_line.
        Warning: Unknown child stroke of fp_line.
        Warning: Unknown child uuid of fp_line.
        Warning: Unknown child stroke of fp_line.
        Warning: Unknown child uuid of fp_line.
        Warning: Unknown child stroke of fp_line.
        Warning: Unknown child uuid of fp_line.
        Warning: Unknown child stroke of fp_line.
        Warning: Unknown child uuid of fp_line.
        Warning: Unknown child stroke of fp_line.
        Warning: Unknown child uuid of fp_line.
        Warning: Unknown child stroke of fp_line.
        Warning: Unknown child uuid of fp_line.
        Warning: Unknown child stroke of fp_line.
        Warning: Unknown child uuid of fp_line.
        Warning: Unknown child stroke of fp_line.
        Warning: Unknown child uuid of fp_line.
        Warning: Unknown child stroke of fp_line.
        Warning: Unknown child uuid of fp_line.
        Warning: Unknown child stroke of fp_line.
        Warning: Unknown child uuid of fp_line.
        Warning: Unknown child stroke of fp_line.
        Warning: Unknown child uuid of fp_line.
        Warning: Unknown child stroke of fp_line.
        Warning: Unknown child uuid of fp_line.
        Warning: Unknown child stroke of fp_line.
        Warning: Unknown child uuid of fp_line.
        Warning: Unknown child stroke of fp_line.
        Warning: Unknown child uuid of fp_line.
        Warning: Unknown child stroke of fp_line.
        Warning: Unknown child uuid of fp_line.
        Warning: Unknown child stroke of fp_line.
        Warning: Unknown child uuid of fp_line.
        Warning: Unknown child stroke of fp_line.
        Warning: Unknown child uuid of fp_line.
        Warning: Unknown child stroke of fp_line.
        Warning: Unknown child uuid of fp_line.
        Warning: Unknown child stroke of fp_line.
        Warning: Unknown child uuid of fp_line.
        Warning: Unknown child stroke of fp_line.
        Warning: Unknown child uuid of fp_line.
        Warning: Unknown child stroke of fp_line.
        Warning: Unknown child uuid of fp_line.
        Warning: Unknown child stroke of fp_line.
        Warning: Unknown child uuid of fp_line.
        Warning: Unknown child stroke of fp_line.
        Warning: Unknown child uuid of fp_line.
        Warning: Unknown child stroke of fp_line.
        Warning: Unknown child uuid of fp_line.
        Warning: Unknown child stroke of fp_line.
        Warning: Unknown child uuid of fp_line.
        Warning: Unknown child stroke of fp_line.
        Warning: Unknown child uuid of fp_line.
        Warning: Unknown child stroke of fp_line.
        Warning: Unknown child uuid of fp_line.
        Warning: Unknown child stroke of fp_line.
        Warning: Unknown child uuid of fp_line.
        Warning: Unknown child stroke of fp_line.
        Warning: Unknown child uuid of fp_line.
        Warning: Unknown child stroke of fp_line.
        Warning: Unknown child uuid of fp_line.
        Warning: Unknown child stroke of fp_line.
        Warning: Unknown child uuid of fp_line.
        Warning: Unknown child stroke of fp_circle.
        Warning: Unknown child uuid of fp_circle.
        Warning: Unknown child uuid of fp_text.
        Warning: Unknown child uuid of pad.
        Warning: Unknown child uuid of pad.
        Warning: Unknown child embedded_fonts of footprint.
        Warning: Unknown child uuid of footprint.
        Warning: Unknown child hide of property.
        Warning: Unknown child uuid of property.
        Warning: Unknown child sheetname of footprint.
        Warning: Unknown child sheetfile of footprint.
        Warning: Unknown child units of footprint.
        Warning: Unknown child duplicate_pad_numbers_are_jumpers of footprint.
        Warning: Unknown child stroke of fp_line.
        Warning: Unknown child uuid of fp_line.
        Warning: Unknown child stroke of fp_line.
        Warning: Unknown child uuid of fp_line.
        Warning: Unknown child stroke of fp_line.
        Warning: Unknown child uuid of fp_line.
        Warning: Unknown child stroke of fp_line.
        Warning: Unknown child uuid of fp_line.
        Warning: Unknown child stroke of fp_line.
        Warning: Unknown child uuid of fp_line.
        Warning: Unknown child stroke of fp_line.
        Warning: Unknown child uuid of fp_line.
        Warning: Unknown child stroke of fp_rect.
        Warning: Unknown child uuid of fp_rect.
        Warning: Unknown child stroke of fp_line.
        Warning: Unknown child uuid of fp_line.
        Warning: Unknown child stroke of fp_line.
        Warning: Unknown child uuid of fp_line.
        Warning: Unknown child stroke of fp_line.
        Warning: Unknown child uuid of fp_line.
        Warning: Unknown child stroke of fp_line.
        Warning: Unknown child uuid of fp_line.
        Warning: Unknown child stroke of fp_line.
        Warning: Unknown child uuid of fp_line.
        Warning: Unknown child uuid of fp_text.
        Warning: Unknown child remove_unused_layers of pad.
        Warning: Unknown child uuid of pad.
        Warning: Unknown child remove_unused_layers of pad.
        Warning: Unknown child uuid of pad.
        Warning: Unknown child remove_unused_layers of pad.
        Warning: Unknown child uuid of pad.
        Warning: Unknown child embedded_fonts of footprint.
        Warning: Unknown child uuid of footprint.
        Warning: Unknown child uuid of property.
        Warning: Unknown child sheetname of footprint.
        Warning: Unknown child sheetfile of footprint.
        Warning: Unknown child units of footprint.
        Warning: Unknown child duplicate_pad_numbers_are_jumpers of footprint.
        Warning: Unknown child stroke of fp_circle.
        Warning: Unknown child uuid of fp_circle.
        Warning: Unknown child stroke of fp_circle.
        Warning: Unknown child uuid of fp_circle.
        Warning: Unknown child uuid of fp_text.
        Warning: Unknown child uuid of pad.
        Warning: Unknown child embedded_fonts of footprint.
        Warning: Unknown child uuid of footprint.
        Warning: Unknown child uuid of property.
        Warning: Unknown child sheetname of footprint.
        Warning: Unknown child sheetfile of footprint.
        Warning: Unknown child units of footprint.
        Warning: Unknown child duplicate_pad_numbers_are_jumpers of footprint.
        Warning: Unknown child stroke of fp_line.
        Warning: Unknown child uuid of fp_line.
        Warning: Unknown child stroke of fp_line.
        Warning: Unknown child uuid of fp_line.
        Warning: Unknown child stroke of fp_rect.
        Warning: Unknown child uuid of fp_rect.
        Warning: Unknown child stroke of fp_rect.
        Warning: Unknown child uuid of fp_rect.
        Warning: Unknown child uuid of fp_text.
        Warning: Unknown child uuid of pad.
        Warning: Unknown child uuid of pad.
        Warning: Unknown child embedded_fonts of footprint.
        Warning: Unknown child uuid of footprint.
        Warning: Unknown child hide of property.
        Warning: Unknown child uuid of property.
        Warning: Unknown child sheetname of footprint.
        Warning: Unknown child sheetfile of footprint.
        Warning: Unknown child units of footprint.
        Warning: Unknown child duplicate_pad_numbers_are_jumpers of footprint.
        Warning: Unknown child stroke of fp_line.
        Warning: Unknown child uuid of fp_line.
        Warning: Unknown child stroke of fp_line.
        Warning: Unknown child uuid of fp_line.
        Warning: Unknown child stroke of fp_line.
        Warning: Unknown child uuid of fp_line.
        Warning: Unknown child stroke of fp_line.
        Warning: Unknown child uuid of fp_line.
        Warning: Unknown child stroke of fp_line.
        Warning: Unknown child uuid of fp_line.
        Warning: Unknown child stroke of fp_line.
        Warning: Unknown child uuid of fp_line.
        Warning: Unknown child stroke of fp_rect.
        Warning: Unknown child uuid of fp_rect.
        Warning: Unknown child stroke of fp_line.
        Warning: Unknown child uuid of fp_line.
        Warning: Unknown child stroke of fp_line.
        Warning: Unknown child uuid of fp_line.
        Warning: Unknown child stroke of fp_line.
        Warning: Unknown child uuid of fp_line.
        Warning: Unknown child stroke of fp_line.
        Warning: Unknown child uuid of fp_line.
        Warning: Unknown child stroke of fp_line.
        Warning: Unknown child uuid of fp_line.
        Warning: Unknown child uuid of fp_text.
        Warning: Unknown child remove_unused_layers of pad.
        Warning: Unknown child uuid of pad.
        Warning: Unknown child remove_unused_layers of pad.
        Warning: Unknown child uuid of pad.
        Warning: Unknown child embedded_fonts of footprint.
        Warning: Unknown child uuid of footprint.
        Warning: Unknown child unlocked of property.
        Warning: Unknown child hide of property.
        Warning: Unknown child uuid of property.
        Warning: Unknown child sheetname of footprint.
        Warning: Unknown child sheetfile of footprint.
        Warning: Unknown child units of footprint.
        Warning: Unknown child duplicate_pad_numbers_are_jumpers of footprint.
        Warning: Unknown child uuid of pad.
        Warning: Unknown child uuid of pad.
        Warning: Unknown child embedded_fonts of footprint.
        Warning: Unknown child uuid of footprint.
        Warning: Unknown child uuid of property.
        Warning: Unknown child sheetname of footprint.
        Warning: Unknown child sheetfile of footprint.
        Warning: Unknown child units of footprint.
        Warning: Unknown child duplicate_pad_numbers_are_jumpers of footprint.
        Warning: Unknown child stroke of fp_circle.
        Warning: Unknown child uuid of fp_circle.
        Warning: Unknown child stroke of fp_circle.
        Warning: Unknown child uuid of fp_circle.
        Warning: Unknown child uuid of fp_text.
        Warning: Unknown child uuid of pad.
        Warning: Unknown child embedded_fonts of footprint.
        Warning: Unknown child uuid of footprint.
        Warning: Unknown child uuid of property.
        Warning: Unknown child sheetname of footprint.
        Warning: Unknown child sheetfile of footprint.
        Warning: Unknown child units of footprint.
        Warning: Unknown child duplicate_pad_numbers_are_jumpers of footprint.
        Warning: Unknown child stroke of fp_line.
        Warning: Unknown child uuid of fp_line.
        Warning: Unknown child stroke of fp_line.
        Warning: Unknown child uuid of fp_line.
        Warning: Unknown child stroke of fp_line.
        Warning: Unknown child uuid of fp_line.
        Warning: Unknown child stroke of fp_line.
        Warning: Unknown child uuid of fp_line.
        Warning: Unknown child stroke of fp_line.
        Warning: Unknown child uuid of fp_line.
        Warning: Unknown child stroke of fp_line.
        Warning: Unknown child uuid of fp_line.
        Warning: Unknown child stroke of fp_line.
        Warning: Unknown child uuid of fp_line.
        Warning: Unknown child stroke of fp_line.
        Warning: Unknown child uuid of fp_line.
        Warning: Unknown child stroke of fp_line.
        Warning: Unknown child uuid of fp_line.
        Warning: Unknown child stroke of fp_line.
        Warning: Unknown child uuid of fp_line.
        Warning: Unknown child stroke of fp_line.
        Warning: Unknown child uuid of fp_line.
        Warning: Unknown child stroke of fp_line.
        Warning: Unknown child uuid of fp_line.
        Warning: Unknown child stroke of fp_line.
        Warning: Unknown child uuid of fp_line.
        Warning: Unknown child stroke of fp_line.
        Warning: Unknown child uuid of fp_line.
        Warning: Unknown child stroke of fp_line.
        Warning: Unknown child uuid of fp_line.
        Warning: Unknown child stroke of fp_line.
        Warning: Unknown child uuid of fp_line.
        Warning: Unknown child stroke of fp_line.
        Warning: Unknown child uuid of fp_line.
        Warning: Unknown child uuid of fp_text.
        Warning: Unknown child uuid of pad.
        Warning: Unknown child uuid of pad.
        Warning: Unknown child embedded_fonts of footprint.
        Warning: Unknown child uuid of footprint.
        Warning: Unknown child uuid of property.
        Warning: Unknown child sheetname of footprint.
        Warning: Unknown child sheetfile of footprint.
        Warning: Unknown child units of footprint.
        Warning: Unknown child duplicate_pad_numbers_are_jumpers of footprint.
        Warning: Unknown child stroke of fp_line.
        Warning: Unknown child uuid of fp_line.
        Warning: Unknown child stroke of fp_line.
        Warning: Unknown child uuid of fp_line.
        Warning: Unknown child stroke of fp_line.
        Warning: Unknown child uuid of fp_line.
        Warning: Unknown child stroke of fp_line.
        Warning: Unknown child uuid of fp_line.
        Warning: Unknown child stroke of fp_line.
        Warning: Unknown child uuid of fp_line.
        Warning: Unknown child stroke of fp_line.
        Warning: Unknown child uuid of fp_line.
        Warning: Unknown child stroke of fp_line.
        Warning: Unknown child uuid of fp_line.
        Warning: Unknown child stroke of fp_line.
        Warning: Unknown child uuid of fp_line.
        Warning: Unknown child stroke of fp_line.
        Warning: Unknown child uuid of fp_line.
        Warning: Unknown child stroke of fp_line.
        Warning: Unknown child uuid of fp_line.
        Warning: Unknown child stroke of fp_line.
        Warning: Unknown child uuid of fp_line.
        Warning: Unknown child stroke of fp_line.
        Warning: Unknown child uuid of fp_line.
        Warning: Unknown child stroke of fp_line.
        Warning: Unknown child uuid of fp_line.
        Warning: Unknown child stroke of fp_line.
        Warning: Unknown child uuid of fp_line.
        Warning: Unknown child stroke of fp_line.
        Warning: Unknown child uuid of fp_line.
        Warning: Unknown child stroke of fp_line.
        Warning: Unknown child uuid of fp_line.
        Warning: Unknown child stroke of fp_line.
        Warning: Unknown child uuid of fp_line.
        Warning: Unknown child stroke of fp_line.
        Warning: Unknown child uuid of fp_line.
        Warning: Unknown child stroke of fp_line.
        Warning: Unknown child uuid of fp_line.
        Warning: Unknown child stroke of fp_line.
        Warning: Unknown child uuid of fp_line.
        Warning: Unknown child stroke of fp_line.
        Warning: Unknown child uuid of fp_line.
        Warning: Unknown child stroke of fp_line.
        Warning: Unknown child uuid of fp_line.
        Warning: Unknown child stroke of fp_line.
        Warning: Unknown child uuid of fp_line.
        Warning: Unknown child stroke of fp_line.
        Warning: Unknown child uuid of fp_line.
        Warning: Unknown child stroke of fp_line.
        Warning: Unknown child uuid of fp_line.
        Warning: Unknown child stroke of fp_line.
        Warning: Unknown child uuid of fp_line.
        Warning: Unknown child stroke of fp_line.
        Warning: Unknown child uuid of fp_line.
        Warning: Unknown child stroke of fp_line.
        Warning: Unknown child uuid of fp_line.
        Warning: Unknown child stroke of fp_line.
        Warning: Unknown child uuid of fp_line.
        Warning: Unknown child stroke of fp_line.
        Warning: Unknown child uuid of fp_line.
        Warning: Unknown child stroke of fp_line.
        Warning: Unknown child uuid of fp_line.
        Warning: Unknown child stroke of fp_line.
        Warning: Unknown child uuid of fp_line.
        Warning: Unknown child stroke of fp_circle.
        Warning: Unknown child uuid of fp_circle.
        Warning: Unknown child uuid of fp_text.
        Warning: Unknown child uuid of pad.
        Warning: Unknown child uuid of pad.
        Warning: Unknown child embedded_fonts of footprint.
        Warning: Unknown child uuid of footprint.
        Warning: Unknown child hide of property.
        Warning: Unknown child uuid of property.
        Warning: Unknown child sheetname of footprint.
        Warning: Unknown child sheetfile of footprint.
        Warning: Unknown child units of footprint.
        Warning: Unknown child duplicate_pad_numbers_are_jumpers of footprint.
        Warning: Unknown child stroke of fp_line.
        Warning: Unknown child uuid of fp_line.
        Warning: Unknown child stroke of fp_line.
        Warning: Unknown child uuid of fp_line.
        Warning: Unknown child stroke of fp_rect.
        Warning: Unknown child uuid of fp_rect.
        Warning: Unknown child stroke of fp_rect.
        Warning: Unknown child uuid of fp_rect.
        Warning: Unknown child uuid of fp_text.
        Warning: Unknown child uuid of pad.
        Warning: Unknown child uuid of pad.
        Warning: Unknown child embedded_fonts of footprint.
        Warning: Unknown child uuid of footprint.
        Warning: Unknown child uuid of property.
        Warning: Unknown child sheetname of footprint.
        Warning: Unknown child sheetfile of footprint.
        Warning: Unknown child units of footprint.
        Warning: Unknown child duplicate_pad_numbers_are_jumpers of footprint.
        Warning: Unknown child stroke of fp_line.
        Warning: Unknown child uuid of fp_line.
        Warning: Unknown child stroke of fp_line.
        Warning: Unknown child uuid of fp_line.
        Warning: Unknown child stroke of fp_rect.
        Warning: Unknown child uuid of fp_rect.
        Warning: Unknown child stroke of fp_rect.
        Warning: Unknown child uuid of fp_rect.
        Warning: Unknown child uuid of fp_text.
        Warning: Unknown child uuid of pad.
        Warning: Unknown child uuid of pad.
        Warning: Unknown child embedded_fonts of footprint.
        Warning: Unknown child uuid of footprint.
        Warning: Unknown child uuid of property.
        Warning: Unknown child sheetname of footprint.
        Warning: Unknown child sheetfile of footprint.
        Warning: Unknown child units of footprint.
        Warning: Unknown child duplicate_pad_numbers_are_jumpers of footprint.
        Warning: Unknown child stroke of fp_line.
        Warning: Unknown child uuid of fp_line.
        Warning: Unknown child stroke of fp_line.
        Warning: Unknown child uuid of fp_line.
        Warning: Unknown child stroke of fp_line.
        Warning: Unknown child uuid of fp_line.
        Warning: Unknown child stroke of fp_line.
        Warning: Unknown child uuid of fp_line.
        Warning: Unknown child stroke of fp_line.
        Warning: Unknown child uuid of fp_line.
        Warning: Unknown child stroke of fp_line.
        Warning: Unknown child uuid of fp_line.
        Warning: Unknown child stroke of fp_line.
        Warning: Unknown child uuid of fp_line.
        Warning: Unknown child stroke of fp_line.
        Warning: Unknown child uuid of fp_line.
        Warning: Unknown child stroke of fp_line.
        Warning: Unknown child uuid of fp_line.
        Warning: Unknown child stroke of fp_line.
        Warning: Unknown child uuid of fp_line.
        Warning: Unknown child stroke of fp_line.
        Warning: Unknown child uuid of fp_line.
        Warning: Unknown child stroke of fp_line.
        Warning: Unknown child uuid of fp_line.
        Warning: Unknown child stroke of fp_line.
        Warning: Unknown child uuid of fp_line.
        Warning: Unknown child stroke of fp_line.
        Warning: Unknown child uuid of fp_line.
        Warning: Unknown child uuid of pad.
        Warning: Unknown child uuid of pad.
        Warning: Unknown child embedded_fonts of footprint.
        Warning: Unknown child uuid of footprint.
        Warning: Unknown child uuid of property.
        Warning: Unknown child sheetname of footprint.
        Warning: Unknown child sheetfile of footprint.
        Warning: Unknown child units of footprint.
        Warning: Unknown child duplicate_pad_numbers_are_jumpers of footprint.
        Warning: Unknown child stroke of fp_line.
        Warning: Unknown child uuid of fp_line.
        Warning: Unknown child stroke of fp_line.
        Warning: Unknown child uuid of fp_line.
        Warning: Unknown child stroke of fp_rect.
        Warning: Unknown child uuid of fp_rect.
        Warning: Unknown child stroke of fp_rect.
        Warning: Unknown child uuid of fp_rect.
        Warning: Unknown child uuid of fp_text.
        Warning: Unknown child uuid of pad.
        Warning: Unknown child uuid of pad.
        Warning: Unknown child embedded_fonts of footprint.
        Warning: Unknown child uuid of footprint.
        Warning: Unknown child uuid of property.
        Warning: Unknown child sheetname of footprint.
        Warning: Unknown child sheetfile of footprint.
        Warning: Unknown child units of footprint.
        Warning: Unknown child duplicate_pad_numbers_are_jumpers of footprint.
        Warning: Unknown child stroke of fp_line.
        Warning: Unknown child uuid of fp_line.
        Warning: Unknown child stroke of fp_line.
        Warning: Unknown child uuid of fp_line.
        Warning: Unknown child stroke of fp_line.
        Warning: Unknown child uuid of fp_line.
        Warning: Unknown child stroke of fp_line.
        Warning: Unknown child uuid of fp_line.
        Warning: Unknown child stroke of fp_line.
        Warning: Unknown child uuid of fp_line.
        Warning: Unknown child stroke of fp_line.
        Warning: Unknown child uuid of fp_line.
        Warning: Unknown child stroke of fp_line.
        Warning: Unknown child uuid of fp_line.
        Warning: Unknown child stroke of fp_line.
        Warning: Unknown child uuid of fp_line.
        Warning: Unknown child stroke of fp_line.
        Warning: Unknown child uuid of fp_line.
        Warning: Unknown child stroke of fp_line.
        Warning: Unknown child uuid of fp_line.
        Warning: Unknown child stroke of fp_line.
        Warning: Unknown child uuid of fp_line.
        Warning: Unknown child stroke of fp_line.
        Warning: Unknown child uuid of fp_line.
        Warning: Unknown child stroke of fp_line.
        Warning: Unknown child uuid of fp_line.
        Warning: Unknown child stroke of fp_line.
        Warning: Unknown child uuid of fp_line.
        Warning: Unknown child stroke of fp_line.
        Warning: Unknown child uuid of fp_line.
        Warning: Unknown child stroke of fp_line.
        Warning: Unknown child uuid of fp_line.
        Warning: Unknown child stroke of fp_line.
        Warning: Unknown child uuid of fp_line.
        Warning: Unknown child stroke of fp_line.
        Warning: Unknown child uuid of fp_line.
        Warning: Unknown child uuid of fp_text.
        Warning: Unknown child remove_unused_layers of pad.
        Warning: Unknown child uuid of pad.
        Warning: Unknown child remove_unused_layers of pad.
        Warning: Unknown child uuid of pad.
        Warning: Unknown child embedded_fonts of footprint.
        Warning: Unknown child uuid of footprint.
        Warning: Unknown child uuid of property.
        Warning: Unknown child sheetname of footprint.
        Warning: Unknown child sheetfile of footprint.
        Warning: Unknown child units of footprint.
        Warning: Unknown child duplicate_pad_numbers_are_jumpers of footprint.
        Warning: Unknown child stroke of fp_line.
        Warning: Unknown child uuid of fp_line.
        Warning: Unknown child stroke of fp_line.
        Warning: Unknown child uuid of fp_line.
        Warning: Unknown child stroke of fp_rect.
        Warning: Unknown child uuid of fp_rect.
        Warning: Unknown child stroke of fp_rect.
        Warning: Unknown child uuid of fp_rect.
        Warning: Unknown child uuid of fp_text.
        Warning: Unknown child uuid of pad.
        Warning: Unknown child uuid of pad.
        Warning: Unknown child embedded_fonts of footprint.
        Warning: Unknown child uuid of footprint.
        Warning: Unknown child uuid of property.
        Warning: Unknown child sheetname of footprint.
        Warning: Unknown child sheetfile of footprint.
        Warning: Unknown child units of footprint.
        Warning: Unknown child duplicate_pad_numbers_are_jumpers of footprint.
        Warning: Unknown child stroke of fp_line.
        Warning: Unknown child uuid of fp_line.
        Warning: Unknown child stroke of fp_line.
        Warning: Unknown child uuid of fp_line.
        Warning: Unknown child stroke of fp_rect.
        Warning: Unknown child uuid of fp_rect.
        Warning: Unknown child stroke of fp_rect.
        Warning: Unknown child uuid of fp_rect.
        Warning: Unknown child uuid of fp_text.
        Warning: Unknown child uuid of pad.
        Warning: Unknown child uuid of pad.
        Warning: Unknown child embedded_fonts of footprint.
        Warning: Unknown child uuid of footprint.
        Warning: Unknown child unlocked of property.
        Warning: Unknown child uuid of property.
        Warning: Unknown child sheetname of footprint.
        Warning: Unknown child sheetfile of footprint.
        Warning: Unknown child units of footprint.
        Warning: Unknown child duplicate_pad_numbers_are_jumpers of footprint.
        Warning: Unknown child stroke of fp_line.
        Warning: Unknown child uuid of fp_line.
        Warning: Unknown child stroke of fp_line.
        Warning: Unknown child uuid of fp_line.
        Warning: Unknown child stroke of fp_line.
        Warning: Unknown child uuid of fp_line.
        Warning: Unknown child stroke of fp_line.
        Warning: Unknown child uuid of fp_line.
        Warning: Unknown child stroke of fp_line.
        Warning: Unknown child uuid of fp_line.
        Warning: Unknown child stroke of fp_line.
        Warning: Unknown child uuid of fp_line.
        Warning: Unknown child stroke of fp_line.
        Warning: Unknown child uuid of fp_line.
        Warning: Unknown child stroke of fp_line.
        Warning: Unknown child uuid of fp_line.
        Warning: Unknown child stroke of fp_line.
        Warning: Unknown child uuid of fp_line.
        Warning: Unknown child stroke of fp_line.
        Warning: Unknown child uuid of fp_line.
        Warning: Unknown child stroke of fp_line.
        Warning: Unknown child uuid of fp_line.
        Warning: Unknown child stroke of fp_line.
        Warning: Unknown child uuid of fp_line.
        Warning: Unknown child stroke of fp_line.
        Warning: Unknown child uuid of fp_line.
        Warning: Unknown child stroke of fp_line.
        Warning: Unknown child uuid of fp_line.
        Warning: Unknown child stroke of fp_line.
        Warning: Unknown child uuid of fp_line.
        Warning: Unknown child stroke of fp_line.
        Warning: Unknown child uuid of fp_line.
        Warning: Unknown child stroke of fp_line.
        Warning: Unknown child uuid of fp_line.
        Warning: Unknown child stroke of fp_line.
        Warning: Unknown child uuid of fp_line.
        Warning: Unknown child stroke of fp_line.
        Warning: Unknown child uuid of fp_line.
        Warning: Unknown child stroke of fp_line.
        Warning: Unknown child uuid of fp_line.
        Warning: Unknown child stroke of fp_line.
        Warning: Unknown child uuid of fp_line.
        Warning: Unknown child stroke of fp_line.
        Warning: Unknown child uuid of fp_line.
        Warning: Unknown child stroke of fp_circle.
        Warning: Unknown child uuid of fp_circle.
        Warning: Unknown child unlocked of fp_text.
        Warning: Unknown child uuid of fp_text.
        Warning: Unknown child uuid of pad.
        Warning: Unknown child uuid of pad.
        Warning: Unknown child zone of footprint.
        Warning: Unknown child embedded_fonts of footprint.
        Warning: Unknown child stroke of gr_poly.
        Warning: Unknown child net of gr_poly.
        Warning: Unknown child uuid of gr_poly.
        Warning: Unknown child stroke of gr_poly.
        Warning: Unknown child net of gr_poly.
        Warning: Unknown child uuid of gr_poly.
        Warning: Unknown child stroke of gr_poly.
        Warning: Unknown child net of gr_poly.
        Warning: Unknown child uuid of gr_poly.
        Warning: Unknown child stroke of gr_poly.
        Warning: Unknown child net of gr_poly.
        Warning: Unknown child uuid of gr_poly.
        Warning: Unknown child stroke of gr_poly.
        Warning: Unknown child net of gr_poly.
        Warning: Unknown child uuid of gr_poly.
        Warning: Unknown child stroke of gr_poly.
        Warning: Unknown child net of gr_poly.
        Warning: Unknown child uuid of gr_poly.
        Warning: Unknown child stroke of gr_poly.
        Warning: Unknown child net of gr_poly.
        Warning: Unknown child uuid of gr_poly.
        Warning: Unknown child stroke of gr_poly.
        Warning: Unknown child net of gr_poly.
        Warning: Unknown child uuid of gr_poly.
        Warning: Unknown child stroke of gr_poly.
        Warning: Unknown child net of gr_poly.
        Warning: Unknown child uuid of gr_poly.
        Warning: Unknown child stroke of gr_poly.
        Warning: Unknown child net of gr_poly.
        Warning: Unknown child uuid of gr_poly.
        Warning: Unknown child stroke of gr_poly.
        Warning: Unknown child net of gr_poly.
        Warning: Unknown child uuid of gr_poly.
        Warning: Unknown child stroke of gr_poly.
        Warning: Unknown child net of gr_poly.
        Warning: Unknown child uuid of gr_poly.
        Warning: Unknown child stroke of gr_poly.
        Warning: Unknown child net of gr_poly.
        Warning: Unknown child uuid of gr_poly.
        Warning: Unknown child stroke of gr_poly.
        Warning: Unknown child net of gr_poly.
        Warning: Unknown child uuid of gr_poly.
        Warning: Unknown child stroke of gr_poly.
        Warning: Unknown child net of gr_poly.
        Warning: Unknown child uuid of gr_poly.
        Warning: Unknown child stroke of gr_poly.
        Warning: Unknown child net of gr_poly.
        Warning: Unknown child uuid of gr_poly.
        Warning: Unknown child stroke of gr_poly.
        Warning: Unknown child net of gr_poly.
        Warning: Unknown child uuid of gr_poly.
        Warning: Unknown child stroke of gr_poly.
        Warning: Unknown child net of gr_poly.
        Warning: Unknown child uuid of gr_poly.
        Warning: Unknown child stroke of gr_poly.
        Warning: Unknown child net of gr_poly.
        Warning: Unknown child uuid of gr_poly.
        Warning: Unknown child stroke of gr_poly.
        Warning: Unknown child net of gr_poly.
        Warning: Unknown child uuid of gr_poly.
        Warning: Unknown child stroke of gr_poly.
        Warning: Unknown child net of gr_poly.
        Warning: Unknown child uuid of gr_poly.
        Warning: Unknown child stroke of gr_poly.
        Warning: Unknown child net of gr_poly.
        Warning: Unknown child uuid of gr_poly.
        Warning: Unknown child stroke of gr_poly.
        Warning: Unknown child locked of gr_poly.
        Warning: Unknown child uuid of gr_poly.
        Warning: Unknown child uuid of segment.
        Warning: Cannot assign net for segment from node: segment
        Warning: Unknown child uuid of segment.
        Warning: Cannot assign net for segment from node: segment
        Warning: Unknown child uuid of segment.
        Warning: Cannot assign net for segment from node: segment
        Warning: Unknown child uuid of segment.
        Warning: Cannot assign net for segment from node: segment
        Warning: Unknown child uuid of segment.
        Warning: Cannot assign net for segment from node: segment
        Warning: Unknown child uuid of segment.
        Warning: Cannot assign net for segment from node: segment
        Warning: Unknown child uuid of segment.
        Warning: Cannot assign net for segment from node: segment
        Warning: Unknown child uuid of segment.
        Warning: Cannot assign net for segment from node: segment
        Warning: Unknown child uuid of segment.
        Warning: Cannot assign net for segment from node: segment
        Warning: Unknown child uuid of segment.
        Warning: Cannot assign net for segment from node: segment
        Warning: Unknown child uuid of segment.
        Warning: Cannot assign net for segment from node: segment
        Warning: Unknown child uuid of segment.
        Warning: Cannot assign net for segment from node: segment
        Warning: Unknown child uuid of segment.
        Warning: Cannot assign net for segment from node: segment
        Warning: Unknown child uuid of segment.
        Warning: Cannot assign net for segment from node: segment
        Warning: Unknown child uuid of segment.
        Warning: Cannot assign net for segment from node: segment
        Warning: Unknown child uuid of segment.
        Warning: Cannot assign net for segment from node: segment
        Warning: Unknown child uuid of segment.
        Warning: Cannot assign net for segment from node: segment
        Warning: Unknown child uuid of segment.
        Warning: Cannot assign net for segment from node: segment
        Warning: Unknown child uuid of segment.
        Warning: Cannot assign net for segment from node: segment
        Warning: Unknown child uuid of segment.
        Warning: Cannot assign net for segment from node: segment
        Warning: Unknown child uuid of segment.
        Warning: Cannot assign net for segment from node: segment
        Warning: Unknown child uuid of segment.
        Warning: Cannot assign net for segment from node: segment
        Warning: Unknown child uuid of segment.
        Warning: Cannot assign net for segment from node: segment
        Warning: Unknown child uuid of segment.
        Warning: Cannot assign net for segment from node: segment
        Warning: Unknown child uuid of segment.
        Warning: Cannot assign net for segment from node: segment
        Warning: Unknown child uuid of segment.
        Warning: Cannot assign net for segment from node: segment
        Warning: Unknown child uuid of segment.
        Warning: Cannot assign net for segment from node: segment
        Warning: Unknown child uuid of segment.
        Warning: Cannot assign net for segment from node: segment
        Warning: Unknown child uuid of segment.
        Warning: Cannot assign net for segment from node: segment
        Warning: Unknown child uuid of segment.
        Warning: Cannot assign net for segment from node: segment
        Warning: Unknown child uuid of segment.
        Warning: Cannot assign net for segment from node: segment
        Warning: Unknown child uuid of segment.
        Warning: Cannot assign net for segment from node: segment
        Warning: Unknown child uuid of segment.
        Warning: Cannot assign net for segment from node: segment
        Warning: Unknown child uuid of segment.
        Warning: Cannot assign net for segment from node: segment
        Warning: Unknown child uuid of segment.
        Warning: Cannot assign net for segment from node: segment
        Warning: Unknown child uuid of segment.
        Warning: Cannot assign net for segment from node: segment
        Warning: Unknown child uuid of segment.
        Warning: Cannot assign net for segment from node: segment
        Warning: Unknown child uuid of segment.
        Warning: Cannot assign net for segment from node: segment
        Warning: Unknown child uuid of segment.
        Warning: Cannot assign net for segment from node: segment
        Warning: Unknown child uuid of segment.
        Warning: Cannot assign net for segment from node: segment
        Warning: Unknown child uuid of segment.
        Warning: Cannot assign net for segment from node: segment
        Warning: Unknown child uuid of segment.
        Warning: Cannot assign net for segment from node: segment
        Warning: Unknown child uuid of segment.
        Warning: Cannot assign net for segment from node: segment
        Warning: Unknown child uuid of segment.
        Warning: Cannot assign net for segment from node: segment
        Warning: Unknown child uuid of segment.
        Warning: Cannot assign net for segment from node: segment
        Warning: Unknown child uuid of segment.
        Warning: Cannot assign net for segment from node: segment
        Warning: Unknown child uuid of segment.
        Warning: Cannot assign net for segment from node: segment
        Warning: Unknown child uuid of segment.
        Warning: Cannot assign net for segment from node: segment
        Warning: Unknown child uuid of segment.
        Warning: Cannot assign net for segment from node: segment
        Warning: Unknown child uuid of segment.
        Warning: Cannot assign net for segment from node: segment
        Warning: Unknown child uuid of segment.
        Warning: Cannot assign net for segment from node: segment
        Warning: Unknown child uuid of segment.
        Warning: Cannot assign net for segment from node: segment
        Warning: Unknown child uuid of segment.
        Warning: Cannot assign net for segment from node: segment
        Warning: Unknown child uuid of segment.
        Warning: Cannot assign net for segment from node: segment
        Warning: Unknown child uuid of segment.
        Warning: Cannot assign net for segment from node: segment
        Warning: Unknown child uuid of segment.
        Warning: Cannot assign net for segment from node: segment
        Warning: Unknown child uuid of segment.
        Warning: Cannot assign net for segment from node: segment
        Warning: Unknown child uuid of segment.
        Warning: Cannot assign net for segment from node: segment
        Warning: Unknown child uuid of via.
        Warning: Unknown child uuid of via.
        Warning: Unknown child uuid of via.
        Warning: Unknown child uuid of via.
        Warning: Unknown child uuid of via.
        Warning: Unknown child uuid of via.
        Warning: Unknown child uuid of via.
        Warning: Unknown child uuid of via.
        Warning: Unknown child uuid of via.
        Warning: Unknown child uuid of via.
        Warning: Unknown child uuid of via.
        Warning: Unknown child uuid of via.
        Warning: Unknown child uuid of via.
        Warning: Unknown child uuid of via.
        Warning: Unknown child uuid of via.
        Warning: Unknown child uuid of via.
        Warning: Unknown child uuid of via.
        Warning: Unknown child uuid of via.
        Warning: Unknown child uuid of segment.
        Warning: Cannot assign net for segment from node: segment
        Warning: Unknown child uuid of segment.
        Warning: Cannot assign net for segment from node: segment
        Warning: Unknown child uuid of segment.
        Warning: Cannot assign net for segment from node: segment
        Warning: Unknown child uuid of segment.
        Warning: Cannot assign net for segment from node: segment
        Warning: Unknown child uuid of segment.
        Warning: Cannot assign net for segment from node: segment
        Warning: Unknown child uuid of segment.
        Warning: Cannot assign net for segment from node: segment
        Warning: Unknown child uuid of segment.
        Warning: Cannot assign net for segment from node: segment
        Warning: Unknown child uuid of segment.
        Warning: Cannot assign net for segment from node: segment
        Warning: Unknown child uuid of segment.
        Warning: Cannot assign net for segment from node: segment
        Warning: Unknown child uuid of segment.
        Warning: Cannot assign net for segment from node: segment
        Warning: Unknown child uuid of segment.
        Warning: Cannot assign net for segment from node: segment
        Warning: Unknown child uuid of segment.
        Warning: Cannot assign net for segment from node: segment
        Warning: Unknown child uuid of segment.
        Warning: Cannot assign net for segment from node: segment
        Warning: Unknown child uuid of segment.
        Warning: Cannot assign net for segment from node: segment
        Warning: Unknown child uuid of segment.
        Warning: Cannot assign net for segment from node: segment
        Warning: Unknown child uuid of segment.
        Warning: Cannot assign net for segment from node: segment
        Warning: Unknown child uuid of segment.
        Warning: Cannot assign net for segment from node: segment
        Warning: Unknown child uuid of segment.
        Warning: Cannot assign net for segment from node: segment
        Warning: Unknown child uuid of segment.
        Warning: Cannot assign net for segment from node: segment
        Warning: Unknown child uuid of segment.
        Warning: Cannot assign net for segment from node: segment
        Warning: Unknown child uuid of segment.
        Warning: Cannot assign net for segment from node: segment
        Warning: Unknown child uuid of segment.
        Warning: Cannot assign net for segment from node: segment
        Warning: Unknown child uuid of segment.
        Warning: Cannot assign net for segment from node: segment
        Warning: Unknown child uuid of segment.
        Warning: Cannot assign net for segment from node: segment
        Warning: Unknown child uuid of segment.
        Warning: Cannot assign net for segment from node: segment
        Warning: Unknown child uuid of segment.
        Warning: Cannot assign net for segment from node: segment
        Warning: Unknown child uuid of segment.
        Warning: Cannot assign net for segment from node: segment
        Warning: Unknown child uuid of segment.
        Warning: Cannot assign net for segment from node: segment
        Warning: Unknown child uuid of segment.
        Warning: Cannot assign net for segment from node: segment
        Warning: Unknown child uuid of segment.
        Warning: Cannot assign net for segment from node: segment
        Warning: Unknown child uuid of segment.
        Warning: Cannot assign net for segment from node: segment
        Warning: Unknown child uuid of segment.
        Warning: Cannot assign net for segment from node: segment
        Warning: Unknown child uuid of segment.
        Warning: Cannot assign net for segment from node: segment
        Warning: Unknown child uuid of segment.
        Warning: Cannot assign net for segment from node: segment
        Warning: Unknown child uuid of segment.
        Warning: Cannot assign net for segment from node: segment
        Warning: Unknown child uuid of segment.
        Warning: Cannot assign net for segment from node: segment
        Warning: Unknown child uuid of segment.
        Warning: Cannot assign net for segment from node: segment
        Warning: Unknown child uuid of segment.
        Warning: Cannot assign net for segment from node: segment
        Warning: Unknown child uuid of segment.
        Warning: Cannot assign net for segment from node: segment
        Warning: Unknown child uuid of segment.
        Warning: Cannot assign net for segment from node: segment
        Warning: Unknown child uuid of segment.
        Warning: Cannot assign net for segment from node: segment
        Warning: Unknown child uuid of segment.
        Warning: Cannot assign net for segment from node: segment
        Warning: Unknown child uuid of segment.
        Warning: Cannot assign net for segment from node: segment
        Warning: Unknown child uuid of segment.
        Warning: Cannot assign net for segment from node: segment
        Warning: Unknown child uuid of segment.
        Warning: Cannot assign net for segment from node: segment
        Warning: Unknown child uuid of segment.
        Warning: Cannot assign net for segment from node: segment
        Warning: Unknown child uuid of segment.
        Warning: Cannot assign net for segment from node: segment
        Warning: Unknown child uuid of segment.
        Warning: Cannot assign net for segment from node: segment
        Warning: Unknown child uuid of segment.
        Warning: Cannot assign net for segment from node: segment
        Warning: Unknown child uuid of segment.
        Warning: Cannot assign net for segment from node: segment
        Warning: Unknown child uuid of segment.
        Warning: Cannot assign net for segment from node: segment
        Warning: Unknown child uuid of segment.
        Warning: Cannot assign net for segment from node: segment
        Warning: Unknown child uuid of segment.
        Warning: Cannot assign net for segment from node: segment
        Warning: Unknown child uuid of segment.
        Warning: Cannot assign net for segment from node: segment
        Warning: Unknown child uuid of segment.
        Warning: Cannot assign net for segment from node: segment
        Warning: Unknown child uuid of segment.
        Warning: Cannot assign net for segment from node: segment
        Warning: Unknown child uuid of segment.
        Warning: Cannot assign net for segment from node: segment
        Warning: Unknown child uuid of via.
        Warning: Unknown child uuid of via.
        Warning: Unknown child uuid of via.
        Warning: Unknown child uuid of via.
        Warning: Unknown child uuid of via.
        Warning: Unknown child uuid of via.
        Warning: Unknown child uuid of via.
        Warning: Unknown child uuid of via.
        Warning: Unknown child uuid of via.
        Warning: Unknown child uuid of via.
        Warning: Unknown child uuid of via.
        Warning: Unknown child uuid of via.
        Warning: Unknown child uuid of via.
        Warning: Unknown child uuid of via.
        Warning: Unknown child uuid of via.
        Warning: Unknown child uuid of via.
        Warning: Unknown child uuid of via.
        Warning: Unknown child uuid of via.
        Warning: Unknown child uuid of via.
        Warning: Unknown child uuid of via.
        Warning: Unknown child uuid of via.
        Warning: Unknown child uuid of via.
        Warning: Unknown child uuid of via.
        Warning: Unknown child uuid of via.
        Warning: Unknown child uuid of via.
        Warning: Unknown child uuid of via.
        Warning: Unknown child uuid of via.
        Warning: Unknown child uuid of via.
        Warning: Unknown child uuid of via.
        Warning: Unknown child uuid of via.
        Warning: Unknown child uuid of via.
        Warning: Unknown child uuid of via.
        Warning: Unknown child uuid of via.
        Warning: Unknown child uuid of via.
        Warning: Unknown child uuid of via.
        Warning: Unknown child uuid of via.
        Warning: Unknown child uuid of via.
        Warning: Unknown child uuid of via.
        Warning: Unknown child uuid of via.
        Warning: Unknown child uuid of via.
        Warning: Unknown child uuid of via.
        Warning: Unknown child uuid of via.
        Warning: Unknown child uuid of via.
        Warning: Unknown child uuid of via.
        Warning: Unknown child uuid of segment.
        Warning: Cannot assign net for segment from node: segment
        Warning: Unknown child uuid of segment.
        Warning: Cannot assign net for segment from node: segment
        Warning: Unknown child uuid of segment.
        Warning: Cannot assign net for segment from node: segment
        Warning: Unknown child uuid of segment.
        Warning: Cannot assign net for segment from node: segment
        Warning: Unknown child uuid of segment.
        Warning: Cannot assign net for segment from node: segment
        Warning: Unknown child uuid of segment.
        Warning: Cannot assign net for segment from node: segment
        Warning: Unknown child uuid of segment.
        Warning: Cannot assign net for segment from node: segment
        Warning: Unknown child uuid of segment.
        Warning: Cannot assign net for segment from node: segment
        Warning: Unknown child uuid of segment.
        Warning: Cannot assign net for segment from node: segment
        Warning: Unknown child uuid of segment.
        Warning: Cannot assign net for segment from node: segment
        Warning: Unknown child uuid of segment.
        Warning: Cannot assign net for segment from node: segment
        Warning: Unknown child uuid of segment.
        Warning: Cannot assign net for segment from node: segment
        Warning: Unknown child uuid of segment.
        Warning: Cannot assign net for segment from node: segment
        Warning: Unknown child uuid of segment.
        Warning: Cannot assign net for segment from node: segment
        Warning: Unknown child uuid of segment.
        Warning: Cannot assign net for segment from node: segment
        Warning: Unknown child uuid of segment.
        Warning: Cannot assign net for segment from node: segment
        Warning: Unknown child uuid of segment.
        Warning: Cannot assign net for segment from node: segment
        Warning: Unknown child uuid of segment.
        Warning: Cannot assign net for segment from node: segment
        Warning: Unknown child uuid of segment.
        Warning: Cannot assign net for segment from node: segment
        Warning: Unknown child uuid of segment.
        Warning: Cannot assign net for segment from node: segment
        Warning: Unknown child uuid of segment.
        Warning: Cannot assign net for segment from node: segment
        Warning: Unknown child uuid of segment.
        Warning: Cannot assign net for segment from node: segment
        Warning: Unknown child uuid of segment.
        Warning: Cannot assign net for segment from node: segment
        Warning: Unknown child uuid of segment.
        Warning: Cannot assign net for segment from node: segment
        Warning: Unknown child uuid of segment.
        Warning: Cannot assign net for segment from node: segment
        Warning: Unknown child uuid of segment.
        Warning: Cannot assign net for segment from node: segment
        Warning: Unknown child uuid of segment.
        Warning: Cannot assign net for segment from node: segment
        Warning: Unknown child uuid of segment.
        Warning: Cannot assign net for segment from node: segment
        Warning: Unknown child uuid of segment.
        Warning: Cannot assign net for segment from node: segment
        Warning: Unknown child uuid of segment.
        Warning: Cannot assign net for segment from node: segment
        Warning: Unknown child uuid of segment.
        Warning: Cannot assign net for segment from node: segment
        Warning: Unknown child uuid of segment.
        Warning: Cannot assign net for segment from node: segment
        Warning: Unknown child uuid of segment.
        Warning: Cannot assign net for segment from node: segment
        Warning: Unknown child uuid of segment.
        Warning: Cannot assign net for segment from node: segment
        Warning: Unknown child uuid of segment.
        Warning: Cannot assign net for segment from node: segment
        Warning: Unknown child uuid of segment.
        Warning: Cannot assign net for segment from node: segment
        Warning: Unknown child uuid of segment.
        Warning: Cannot assign net for segment from node: segment
        Warning: Unknown child uuid of segment.
        Warning: Cannot assign net for segment from node: segment
        Warning: Unknown child uuid of segment.
        Warning: Cannot assign net for segment from node: segment
        Warning: Unknown child uuid of segment.
        Warning: Cannot assign net for segment from node: segment
        Warning: Unknown child uuid of segment.
        Warning: Cannot assign net for segment from node: segment
        Warning: Unknown child uuid of segment.
        Warning: Cannot assign net for segment from node: segment
        Warning: Unknown child uuid of segment.
        Warning: Cannot assign net for segment from node: segment
        Warning: Unknown child uuid of segment.
        Warning: Cannot assign net for segment from node: segment
        Warning: Unknown child uuid of segment.
        Warning: Cannot assign net for segment from node: segment
        Warning: Unknown child uuid of segment.
        Warning: Cannot assign net for segment from node: segment
        Warning: Unknown child uuid of segment.
        Warning: Cannot assign net for segment from node: segment
        Warning: Unknown child uuid of segment.
        Warning: Cannot assign net for segment from node: segment
        Warning: Unknown child uuid of segment.
        Warning: Cannot assign net for segment from node: segment
        Warning: Unknown child uuid of segment.
        Warning: Cannot assign net for segment from node: segment
        Warning: Unknown child uuid of segment.
        Warning: Cannot assign net for segment from node: segment
        Warning: Unknown child uuid of segment.
        Warning: Cannot assign net for segment from node: segment
        Warning: Unknown child uuid of segment.
        Warning: Cannot assign net for segment from node: segment
        Warning: Unknown child uuid of segment.
        Warning: Cannot assign net for segment from node: segment
        Warning: Unknown child uuid of segment.
        Warning: Cannot assign net for segment from node: segment
        Warning: Unknown child uuid of segment.
        Warning: Cannot assign net for segment from node: segment
        Warning: Unknown child uuid of segment.
        Warning: Cannot assign net for segment from node: segment
        Warning: Unknown child uuid of segment.
        Warning: Cannot assign net for segment from node: segment
        Warning: Unknown child uuid of segment.
        Warning: Cannot assign net for segment from node: segment
        Warning: Unknown child uuid of segment.
        Warning: Cannot assign net for segment from node: segment
        Warning: Unknown child uuid of segment.
        Warning: Cannot assign net for segment from node: segment
        Warning: Unknown child uuid of segment.
        Warning: Cannot assign net for segment from node: segment
        Warning: Unknown child uuid of segment.
        Warning: Cannot assign net for segment from node: segment
        Warning: Unknown child uuid of segment.
        Warning: Cannot assign net for segment from node: segment
        Warning: Unknown child uuid of via.
        Warning: Unknown child uuid of via.
        Warning: Unknown child uuid of segment.
        Warning: Cannot assign net for segment from node: segment
        Warning: Unknown child uuid of segment.
        Warning: Cannot assign net for segment from node: segment
        Warning: Unknown child uuid of segment.
        Warning: Cannot assign net for segment from node: segment
        Warning: Unknown child uuid of segment.
        Warning: Cannot assign net for segment from node: segment
        Warning: Unknown child uuid of segment.
        Warning: Cannot assign net for segment from node: segment
        Warning: Unknown child uuid of segment.
        Warning: Cannot assign net for segment from node: segment
        Warning: Unknown child uuid of segment.
        Warning: Cannot assign net for segment from node: segment
        Warning: Unknown child uuid of segment.
        Warning: Cannot assign net for segment from node: segment
        Warning: Unknown child uuid of segment.
        Warning: Cannot assign net for segment from node: segment
        Warning: Unknown child uuid of segment.
        Warning: Cannot assign net for segment from node: segment
        Warning: Unknown child uuid of segment.
        Warning: Cannot assign net for segment from node: segment
        Warning: Unknown child uuid of segment.
        Warning: Cannot assign net for segment from node: segment
        Warning: Unknown child uuid of via.
        Warning: Unknown child uuid of via.
        Warning: Unknown child uuid of via.
        Warning: Unknown child uuid of via.
        Warning: Unknown child uuid of via.
        Warning: Unknown child uuid of via.
        Warning: Unknown child uuid of segment.
        Warning: Cannot assign net for segment from node: segment
        Warning: Unknown child uuid of segment.
        Warning: Cannot assign net for segment from node: segment
        Warning: Unknown child uuid of segment.
        Warning: Cannot assign net for segment from node: segment
        Warning: Unknown child uuid of segment.
        Warning: Cannot assign net for segment from node: segment
        Warning: Unknown child uuid of segment.
        Warning: Cannot assign net for segment from node: segment
        Warning: Unknown child uuid of segment.
        Warning: Cannot assign net for segment from node: segment
        Warning: Unknown child uuid of segment.
        Warning: Cannot assign net for segment from node: segment
        Warning: Unknown child uuid of segment.
        Warning: Cannot assign net for segment from node: segment
        Warning: Unknown child uuid of segment.
        Warning: Cannot assign net for segment from node: segment
        Warning: Unknown child uuid of segment.
        Warning: Cannot assign net for segment from node: segment
        Warning: Unknown child uuid of segment.
        Warning: Cannot assign net for segment from node: segment
        Warning: Unknown child uuid of segment.
        Warning: Cannot assign net for segment from node: segment
        Warning: Unknown child uuid of segment.
        Warning: Cannot assign net for segment from node: segment
        Warning: Unknown child uuid of segment.
        Warning: Cannot assign net for segment from node: segment
        Warning: Unknown child uuid of segment.
        Warning: Cannot assign net for segment from node: segment
        Warning: Unknown child uuid of segment.
        Warning: Cannot assign net for segment from node: segment
        Warning: Unknown child uuid of segment.
        Warning: Cannot assign net for segment from node: segment
        Warning: Unknown child uuid of via.
        Warning: Unknown child uuid of via.
        Warning: Unknown child uuid of via.
        Warning: Unknown child uuid of via.
        Warning: Unknown child uuid of via.
        Warning: Unknown child uuid of via.
        Warning: Unknown child uuid of segment.
        Warning: Cannot assign net for segment from node: segment
        Warning: Unknown child uuid of segment.
        Warning: Cannot assign net for segment from node: segment
        Warning: Unknown child uuid of segment.
        Warning: Cannot assign net for segment from node: segment
        Warning: Unknown child uuid of segment.
        Warning: Cannot assign net for segment from node: segment
        Warning: Unknown child uuid of segment.
        Warning: Cannot assign net for segment from node: segment
        Warning: Unknown child uuid of segment.
        Warning: Cannot assign net for segment from node: segment
        Warning: Unknown child uuid of segment.
        Warning: Cannot assign net for segment from node: segment
        Warning: Unknown child uuid of segment.
        Warning: Cannot assign net for segment from node: segment
        Warning: Unknown child uuid of segment.
        Warning: Cannot assign net for segment from node: segment
        Warning: Unknown child uuid of segment.
        Warning: Cannot assign net for segment from node: segment
        Warning: Unknown child uuid of segment.
        Warning: Cannot assign net for segment from node: segment
        Warning: Unknown child uuid of segment.
        Warning: Cannot assign net for segment from node: segment
        Warning: Unknown child uuid of segment.
        Warning: Cannot assign net for segment from node: segment
        Warning: Unknown child uuid of segment.
        Warning: Cannot assign net for segment from node: segment
        Warning: Unknown child uuid of segment.
        Warning: Cannot assign net for segment from node: segment
        Warning: Unknown child uuid of segment.
        Warning: Cannot assign net for segment from node: segment
        Warning: Unknown child uuid of segment.
        Warning: Cannot assign net for segment from node: segment
        Warning: Unknown child uuid of segment.
        Warning: Cannot assign net for segment from node: segment
        Warning: Unknown child uuid of segment.
        Warning: Cannot assign net for segment from node: segment
        Warning: Unknown child uuid of segment.
        Warning: Cannot assign net for segment from node: segment
        Warning: Unknown child uuid of segment.
        Warning: Cannot assign net for segment from node: segment
        Warning: Unknown child uuid of segment.
        Warning: Cannot assign net for segment from node: segment
        Warning: Unknown child uuid of segment.
        Warning: Cannot assign net for segment from node: segment
        Warning: Unknown child uuid of segment.
        Warning: Cannot assign net for segment from node: segment
        Warning: Unknown child uuid of segment.
        Warning: Cannot assign net for segment from node: segment
        Warning: Unknown child uuid of segment.
        Warning: Cannot assign net for segment from node: segment
        Warning: Unknown child uuid of segment.
        Warning: Cannot assign net for segment from node: segment
        Warning: Unknown child uuid of segment.
        Warning: Cannot assign net for segment from node: segment
        Warning: Unknown child uuid of segment.
        Warning: Cannot assign net for segment from node: segment
        Warning: Unknown child uuid of segment.
        Warning: Cannot assign net for segment from node: segment
        Warning: Unknown child uuid of segment.
        Warning: Cannot assign net for segment from node: segment
        Warning: Unknown child uuid of segment.
        Warning: Cannot assign net for segment from node: segment
        Warning: Unknown child uuid of segment.
        Warning: Cannot assign net for segment from node: segment
        Warning: Unknown child uuid of segment.
        Warning: Cannot assign net for segment from node: segment
        Warning: Unknown child uuid of segment.
        Warning: Cannot assign net for segment from node: segment
        Warning: Unknown child uuid of segment.
        Warning: Cannot assign net for segment from node: segment
        Warning: Unknown child uuid of segment.
        Warning: Cannot assign net for segment from node: segment
        Warning: Unknown child uuid of via.
        Warning: Unknown child uuid of via.
        Warning: Unknown child uuid of via.
        Warning: Unknown child uuid of via.
        Warning: Unknown child uuid of via.
        Warning: Unknown child uuid of via.
        Warning: Unknown child uuid of segment.
        Warning: Cannot assign net for segment from node: segment
        Warning: Unknown child uuid of segment.
        Warning: Cannot assign net for segment from node: segment
        Warning: Unknown child uuid of segment.
        Warning: Cannot assign net for segment from node: segment
        Warning: Unknown child uuid of segment.
        Warning: Cannot assign net for segment from node: segment
        Warning: Unknown child uuid of segment.
        Warning: Cannot assign net for segment from node: segment
        Warning: Unknown child uuid of segment.
        Warning: Cannot assign net for segment from node: segment
        Warning: Unknown child uuid of segment.
        Warning: Cannot assign net for segment from node: segment
        Warning: Unknown child uuid of segment.
        Warning: Cannot assign net for segment from node: segment
        Warning: Unknown child uuid of segment.
        Warning: Cannot assign net for segment from node: segment
        Warning: Unknown child uuid of segment.
        Warning: Cannot assign net for segment from node: segment
        Warning: Unknown child uuid of segment.
        Warning: Cannot assign net for segment from node: segment
        Warning: Unknown child uuid of segment.
        Warning: Cannot assign net for segment from node: segment
        Warning: Unknown child uuid of segment.
        Warning: Cannot assign net for segment from node: segment
        Warning: Unknown child uuid of segment.
        Warning: Cannot assign net for segment from node: segment
        Warning: Unknown child uuid of segment.
        Warning: Cannot assign net for segment from node: segment
        Warning: Unknown child uuid of segment.
        Warning: Cannot assign net for segment from node: segment
        Warning: Unknown child uuid of segment.
        Warning: Cannot assign net for segment from node: segment
        Warning: Unknown child uuid of segment.
        Warning: Cannot assign net for segment from node: segment
        Warning: Unknown child uuid of segment.
        Warning: Cannot assign net for segment from node: segment
        Warning: Unknown child uuid of segment.
        Warning: Cannot assign net for segment from node: segment
        Warning: Unknown child uuid of segment.
        Warning: Cannot assign net for segment from node: segment
        Warning: Unknown child uuid of segment.
        Warning: Cannot assign net for segment from node: segment
        Warning: Unknown child uuid of via.
        Warning: Unknown child uuid of via.
        Warning: Unknown child uuid of via.
        Warning: Unknown child uuid of segment.
        Warning: Cannot assign net for segment from node: segment
        Warning: Unknown child uuid of segment.
        Warning: Cannot assign net for segment from node: segment
        Warning: Unknown child uuid of segment.
        Warning: Cannot assign net for segment from node: segment
        Warning: Unknown child uuid of segment.
        Warning: Cannot assign net for segment from node: segment
        Warning: Unknown child uuid of segment.
        Warning: Cannot assign net for segment from node: segment
        Warning: Unknown child uuid of segment.
        Warning: Cannot assign net for segment from node: segment
        Warning: Unknown child uuid of segment.
        Warning: Cannot assign net for segment from node: segment
        Warning: Unknown child uuid of segment.
        Warning: Cannot assign net for segment from node: segment
        Warning: Unknown child uuid of segment.
        Warning: Cannot assign net for segment from node: segment
        Warning: Unknown child uuid of segment.
        Warning: Cannot assign net for segment from node: segment
        Warning: Unknown child uuid of segment.
        Warning: Cannot assign net for segment from node: segment
        Warning: Unknown child uuid of segment.
        Warning: Cannot assign net for segment from node: segment
        Warning: Unknown child uuid of segment.
        Warning: Cannot assign net for segment from node: segment
        Warning: Unknown child uuid of segment.
        Warning: Cannot assign net for segment from node: segment
        Warning: Unknown child uuid of segment.
        Warning: Cannot assign net for segment from node: segment
        Warning: Unknown child uuid of segment.
        Warning: Cannot assign net for segment from node: segment
        Warning: Unknown child uuid of segment.
        Warning: Cannot assign net for segment from node: segment
        Warning: Unknown child uuid of segment.
        Warning: Cannot assign net for segment from node: segment
        Warning: Unknown child uuid of segment.
        Warning: Cannot assign net for segment from node: segment
        Warning: Unknown child uuid of segment.
        Warning: Cannot assign net for segment from node: segment
        Warning: Unknown child uuid of segment.
        Warning: Cannot assign net for segment from node: segment
        Warning: Unknown child uuid of segment.
        Warning: Cannot assign net for segment from node: segment
        Warning: Unknown child uuid of segment.
        Warning: Cannot assign net for segment from node: segment
        Warning: Unknown child uuid of segment.
        Warning: Cannot assign net for segment from node: segment
        Warning: Unknown child uuid of segment.
        Warning: Cannot assign net for segment from node: segment
        Warning: Unknown child uuid of segment.
        Warning: Cannot assign net for segment from node: segment
        Warning: Unknown child uuid of segment.
        Warning: Cannot assign net for segment from node: segment
        Warning: Unknown child uuid of segment.
        Warning: Cannot assign net for segment from node: segment
        Warning: Unknown child uuid of segment.
        Warning: Cannot assign net for segment from node: segment
        Warning: Unknown child uuid of segment.
        Warning: Cannot assign net for segment from node: segment
        Warning: Unknown child uuid of segment.
        Warning: Cannot assign net for segment from node: segment
        Warning: Unknown child uuid of segment.
        Warning: Cannot assign net for segment from node: segment
        Warning: Unknown child uuid of segment.
        Warning: Cannot assign net for segment from node: segment
        Warning: Unknown child uuid of segment.
        Warning: Cannot assign net for segment from node: segment
        Warning: Unknown child uuid of segment.
        Warning: Cannot assign net for segment from node: segment
        Warning: Unknown child uuid of segment.
        Warning: Cannot assign net for segment from node: segment
        Warning: Unknown child uuid of segment.
        Warning: Cannot assign net for segment from node: segment
        Warning: Unknown child uuid of zone.
        Warning: Unknown child island_removal_mode of fill.
        Warning: Unknown child uuid of zone.
        Warning: Unknown child island_removal_mode of fill.
        Warning: Unknown child uuid of zone.
        Warning: Unknown child island_removal_mode of fill.
        Warning: Unknown child uuid of zone.
        Warning: Unknown child island_removal_mode of fill.
        Warning: Unknown child uuid of zone.
        Warning: Unknown child island_removal_mode of fill.
        Warning: Unknown child uuid of zone.
        Warning: Unknown child island_removal_mode of fill.
        Warning: Unknown child uuid of zone.
        Warning: Unknown child island_removal_mode of fill.
        Warning: Unknown child uuid of zone.
        Warning: Unknown child island_removal_mode of fill.
        Warning: Unknown child uuid of zone.
        Warning: Unknown child island_removal_mode of fill.
        Warning: Unknown child uuid of zone.
        Warning: Unknown child island_removal_mode of fill.
        Warning: Unknown child uuid of zone.
        Warning: Unknown child island_removal_mode of fill.
        Warning: Unknown child uuid of zone.
        Warning: Unknown child island_removal_mode of fill.
        Warning: Unknown child uuid of zone.
        Warning: Unknown child island_removal_mode of fill.
        Warning: Unknown child uuid of zone.
        Warning: Unknown child island_removal_mode of fill.
        Warning: Unknown child uuid of zone.
        Warning: Unknown child island_removal_mode of fill.
        Warning: Unknown child uuid of zone.
        Warning: Unknown child island_removal_mode of fill.
        Warning: Unknown child uuid of zone.
        Warning: Unknown child island_removal_mode of fill.
        Warning: Unknown child uuid of zone.
        Warning: Unknown child island_removal_mode of fill.
        Warning: Unknown child uuid of zone.
        Warning: Unknown child island_removal_mode of fill.
        Warning: Unknown child uuid of zone.
        Warning: Unknown child island_removal_mode of fill.
        Warning: Unknown child uuid of zone.
        Warning: Unknown child island_removal_mode of fill.
        Warning: Unknown child uuid of zone.
        Warning: Unknown child island_removal_mode of fill.
        Warning: Unknown child uuid of zone.
        Warning: Unknown child island_removal_mode of fill.
        Warning: Unknown child uuid of zone.
        Warning: Unknown child island_removal_mode of fill.
        Warning: Unknown child uuid of zone.
        Warning: Unknown child island_removal_mode of fill.
        Warning: Unknown child uuid of zone.
        Warning: Unknown child island_removal_mode of fill.
        Warning: Unknown child uuid of zone.
        Warning: Unknown child island_removal_mode of fill.
        Warning: Unknown child 'embedded_fonts' of 'kicad_pcb'.
    EndSection
    Section : Import Document - C:\Users\saper\OneDrive\Documents\Submarine\power-systems-v3\PowerSystemsUAV\Imported power-systems-v3\power-systems-v3.PcbDoc
        Error: Import is not implemented for: KiCadLib.PCB.PCBLine
        Error: Import is not implemented for: KiCadLib.PCB.PCBLine
        Error: Import is not implemented for: KiCadLib.PCB.PCBLine
        Error: Import is not implemented for: KiCadLib.PCB.PCBLine
        Error: Import is not implemented for: KiCadLib.PCB.PCBLine
        Error: Import is not implemented for: KiCadLib.PCB.PCBLine
        Error: Import is not implemented for: KiCadLib.PCB.PCBLine
        Error: Import is not implemented for: KiCadLib.PCB.PCBLine
        Error: Import is not implemented for: KiCadLib.PCB.PCBLine
        Error: Import is not implemented for: KiCadLib.PCB.PCBLine
        Error: Import is not implemented for: KiCadLib.PCB.PCBLine
        Error: Import is not implemented for: KiCadLib.PCB.PCBLine
        Error: Import is not implemented for: KiCadLib.PCB.PCBLine
        Error: Import is not implemented for: KiCadLib.PCB.PCBLine
        Error: Import is not implemented for: KiCadLib.PCB.PCBLine
        Error: Import is not implemented for: KiCadLib.PCB.PCBLine
        Error: Import is not implemented for: KiCadLib.PCB.PCBLine
        Error: Import is not implemented for: KiCadLib.PCB.PCBLine
        Error: Import is not implemented for: KiCadLib.PCB.PCBLine
        Error: Import is not implemented for: KiCadLib.PCB.PCBLine
        Error: Import is not implemented for: KiCadLib.PCB.PCBLine
        Error: Import is not implemented for: KiCadLib.PCB.PCBLine
        Error: Import is not implemented for: KiCadLib.PCB.PCBLine
        Error: Import is not implemented for: KiCadLib.PCB.PCBLine
        Error: Import is not implemented for: KiCadLib.PCB.PCBLine
        Error: Import is not implemented for: KiCadLib.PCB.PCBLine
        Error: Import is not implemented for: KiCadLib.PCB.PCBLine
        Error: Import is not implemented for: KiCadLib.PCB.PCBLine
        Error: Import is not implemented for: KiCadLib.PCB.PCBLine
        Error: Import is not implemented for: KiCadLib.PCB.PCBLine
        Error: Import is not implemented for: KiCadLib.PCB.PCBLine
        Error: Import is not implemented for: KiCadLib.PCB.PCBLine
        Error: Import is not implemented for: KiCadLib.PCB.PCBLine
        Error: Import is not implemented for: KiCadLib.PCB.PCBLine
        Error: Import is not implemented for: KiCadLib.PCB.PCBLine
        Error: Import is not implemented for: KiCadLib.PCB.PCBLine
        Error: Import is not implemented for: KiCadLib.PCB.PCBLine
        Error: Import is not implemented for: KiCadLib.PCB.PCBLine
        Error: Import is not implemented for: KiCadLib.PCB.PCBLine
        Error: Import is not implemented for: KiCadLib.PCB.PCBLine
        Error: Import is not implemented for: KiCadLib.PCB.PCBLine
        Error: Import is not implemented for: KiCadLib.PCB.PCBLine
        Error: Import is not implemented for: KiCadLib.PCB.PCBLine
        Error: Import is not implemented for: KiCadLib.PCB.PCBLine
        Error: Import is not implemented for: KiCadLib.PCB.PCBLine
        Error: Import is not implemented for: KiCadLib.PCB.PCBLine
        Error: Import is not implemented for: KiCadLib.PCB.PCBLine
        Error: Import is not implemented for: KiCadLib.PCB.PCBLine
        Error: Import is not implemented for: KiCadLib.PCB.PCBLine
        Error: Import is not implemented for: KiCadLib.PCB.PCBLine
        Error: Import is not implemented for: KiCadLib.PCB.PCBLine
        Error: Import is not implemented for: KiCadLib.PCB.PCBLine
        Error: Import is not implemented for: KiCadLib.PCB.PCBLine
        Error: Import is not implemented for: KiCadLib.PCB.PCBLine
        Error: Import is not implemented for: KiCadLib.PCB.PCBLine
        Error: Import is not implemented for: KiCadLib.PCB.PCBLine
        Error: Import is not implemented for: KiCadLib.PCB.PCBLine
        Error: Import is not implemented for: KiCadLib.PCB.PCBLine
        Error: Import is not implemented for: KiCadLib.PCB.PCBLine
        Error: Import is not implemented for: KiCadLib.PCB.PCBLine
        Error: Import is not implemented for: KiCadLib.PCB.PCBLine
        Error: Import is not implemented for: KiCadLib.PCB.PCBLine
        Error: Import is not implemented for: KiCadLib.PCB.PCBLine
        Error: Import is not implemented for: KiCadLib.PCB.PCBLine
        Error: Import is not implemented for: KiCadLib.PCB.PCBLine
        Error: Import is not implemented for: KiCadLib.PCB.PCBLine
        Error: Import is not implemented for: KiCadLib.PCB.PCBLine
        Error: Import is not implemented for: KiCadLib.PCB.PCBLine
        Error: Import is not implemented for: KiCadLib.PCB.PCBLine
        Error: Import is not implemented for: KiCadLib.PCB.PCBLine
        Error: Import is not implemented for: KiCadLib.PCB.PCBLine
        Error: Import is not implemented for: KiCadLib.PCB.PCBLine
        Error: Import is not implemented for: KiCadLib.PCB.PCBLine
        Error: Import is not implemented for: KiCadLib.PCB.PCBLine
        Error: Import is not implemented for: KiCadLib.PCB.PCBLine
        Error: Import is not implemented for: KiCadLib.PCB.PCBLine
        Error: Import is not implemented for: KiCadLib.PCB.PCBLine
        Error: Import is not implemented for: KiCadLib.PCB.PCBLine
        Error: Import is not implemented for: KiCadLib.PCB.PCBLine
        Error: Import is not implemented for: KiCadLib.PCB.PCBLine
        Error: Import is not implemented for: KiCadLib.PCB.PCBLine
        Error: Import is not implemented for: KiCadLib.PCB.PCBLine
        Error: Import is not implemented for: KiCadLib.PCB.PCBLine
        Error: Import is not implemented for: KiCadLib.PCB.PCBLine
        Error: Import is not implemented for: KiCadLib.PCB.PCBLine
        Error: Import is not implemented for: KiCadLib.PCB.PCBLine
        Error: Import is not implemented for: KiCadLib.PCB.PCBLine
        Error: Import is not implemented for: KiCadLib.PCB.PCBLine
        Error: Import is not implemented for: KiCadLib.PCB.PCBLine
        Error: Import is not implemented for: KiCadLib.PCB.PCBLine
        Error: Import is not implemented for: KiCadLib.PCB.PCBLine
        Error: Import is not implemented for: KiCadLib.PCB.PCBLine
        Error: Import is not implemented for: KiCadLib.PCB.PCBLine
        Error: Import is not implemented for: KiCadLib.PCB.PCBLine
        Error: Import is not implemented for: KiCadLib.PCB.PCBLine
        Error: Import is not implemented for: KiCadLib.PCB.PCBLine
        Error: Import is not implemented for: KiCadLib.PCB.PCBLine
        Error: Import is not implemented for: KiCadLib.PCB.PCBLine
        Error: Import is not implemented for: KiCadLib.PCB.PCBLine
        Error: Import is not implemented for: KiCadLib.PCB.PCBLine
        Error: Import is not implemented for: KiCadLib.PCB.PCBLine
        Error: Import is not implemented for: KiCadLib.PCB.PCBLine
        Error: Import is not implemented for: KiCadLib.PCB.PCBLine
        Error: Import is not implemented for: KiCadLib.PCB.PCBLine
        Error: Import is not implemented for: KiCadLib.PCB.PCBLine
        Error: Import is not implemented for: KiCadLib.PCB.PCBLine
        Error: Import is not implemented for: KiCadLib.PCB.PCBLine
        Error: Import is not implemented for: KiCadLib.PCB.PCBLine
        Error: Import is not implemented for: KiCadLib.PCB.PCBLine
        Error: Import is not implemented for: KiCadLib.PCB.PCBLine
        Error: Import is not implemented for: KiCadLib.PCB.PCBLine
        Error: Import is not implemented for: KiCadLib.PCB.PCBLine
        Error: Import is not implemented for: KiCadLib.PCB.PCBLine
        Error: Import is not implemented for: KiCadLib.PCB.PCBLine
        Error: Import is not implemented for: KiCadLib.PCB.PCBLine
        Error: Import is not implemented for: KiCadLib.PCB.PCBLine
        Error: Import is not implemented for: KiCadLib.PCB.PCBLine
        Error: Import is not implemented for: KiCadLib.PCB.PCBLine
        Error: Import is not implemented for: KiCadLib.PCB.PCBLine
        Error: Import is not implemented for: KiCadLib.PCB.PCBLine
        Error: Import is not implemented for: KiCadLib.PCB.PCBLine
        Error: Import is not implemented for: KiCadLib.PCB.PCBLine
        Error: Import is not implemented for: KiCadLib.PCB.PCBLine
        Error: Import is not implemented for: KiCadLib.PCB.PCBLine
        Error: Import is not implemented for: KiCadLib.PCB.PCBLine
        Error: Import is not implemented for: KiCadLib.PCB.PCBLine
        Error: Import is not implemented for: KiCadLib.PCB.PCBLine
        Error: Import is not implemented for: KiCadLib.PCB.PCBLine
        Error: Import is not implemented for: KiCadLib.PCB.PCBLine
        Error: Import is not implemented for: KiCadLib.PCB.PCBLine
        Error: Import is not implemented for: KiCadLib.PCB.PCBLine
        Error: Import is not implemented for: KiCadLib.PCB.PCBLine
        Error: Import is not implemented for: KiCadLib.PCB.PCBLine
        Error: Import is not implemented for: KiCadLib.PCB.PCBLine
        Error: Import is not implemented for: KiCadLib.PCB.PCBLine
        Error: Import is not implemented for: KiCadLib.PCB.PCBLine
        Error: Import is not implemented for: KiCadLib.PCB.PCBLine
        Error: Import is not implemented for: KiCadLib.PCB.PCBLine
        Error: Import is not implemented for: KiCadLib.PCB.PCBLine
        Error: Import is not implemented for: KiCadLib.PCB.PCBLine
        Error: Import is not implemented for: KiCadLib.PCB.PCBLine
        Error: Import is not implemented for: KiCadLib.PCB.PCBLine
        Error: Import is not implemented for: KiCadLib.PCB.PCBLine
        Error: Import is not implemented for: KiCadLib.PCB.PCBLine
        Error: Import is not implemented for: KiCadLib.PCB.PCBLine
        Error: Import is not implemented for: KiCadLib.PCB.PCBLine
        Error: Import is not implemented for: KiCadLib.PCB.PCBLine
        Error: Import is not implemented for: KiCadLib.PCB.PCBLine
        Error: Import is not implemented for: KiCadLib.PCB.PCBLine
        Error: Import is not implemented for: KiCadLib.PCB.PCBLine
        Error: Import is not implemented for: KiCadLib.PCB.PCBLine
        Error: Import is not implemented for: KiCadLib.PCB.PCBLine
        Error: Import is not implemented for: KiCadLib.PCB.PCBLine
        Error: Import is not implemented for: KiCadLib.PCB.PCBLine
        Error: Import is not implemented for: KiCadLib.PCB.PCBLine
        Error: Import is not implemented for: KiCadLib.PCB.PCBLine
        Error: Import is not implemented for: KiCadLib.PCB.PCBLine
        Error: Import is not implemented for: KiCadLib.PCB.PCBLine
        Error: Import is not implemented for: KiCadLib.PCB.PCBLine
        Error: Import is not implemented for: KiCadLib.PCB.PCBLine
        Error: Import is not implemented for: KiCadLib.PCB.PCBLine
        Error: Import is not implemented for: KiCadLib.PCB.PCBLine
        Error: Import is not implemented for: KiCadLib.PCB.PCBLine
        Error: Import is not implemented for: KiCadLib.PCB.PCBLine
        Error: Import is not implemented for: KiCadLib.PCB.PCBLine
        Error: Import is not implemented for: KiCadLib.PCB.PCBLine
        Error: Import is not implemented for: KiCadLib.PCB.PCBLine
        Error: Import is not implemented for: KiCadLib.PCB.PCBLine
        Error: Import is not implemented for: KiCadLib.PCB.PCBLine
        Error: Import is not implemented for: KiCadLib.PCB.PCBLine
        Error: Import is not implemented for: KiCadLib.PCB.PCBLine
        Error: Import is not implemented for: KiCadLib.PCB.PCBLine
        Error: Import is not implemented for: KiCadLib.PCB.PCBLine
        Error: Import is not implemented for: KiCadLib.PCB.PCBLine
        Error: Import is not implemented for: KiCadLib.PCB.PCBLine
        Error: Import is not implemented for: KiCadLib.PCB.PCBLine
        Error: Import is not implemented for: KiCadLib.PCB.PCBLine
        Error: Import is not implemented for: KiCadLib.PCB.PCBLine
        Error: Import is not implemented for: KiCadLib.PCB.PCBLine
        Error: Import is not implemented for: KiCadLib.PCB.PCBLine
        Error: Import is not implemented for: KiCadLib.PCB.PCBLine
        Error: Import is not implemented for: KiCadLib.PCB.PCBLine
        Error: Import is not implemented for: KiCadLib.PCB.PCBLine
        Error: Import is not implemented for: KiCadLib.PCB.PCBLine
        Error: Import is not implemented for: KiCadLib.PCB.PCBLine
        Error: Import is not implemented for: KiCadLib.PCB.PCBLine
        Error: Import is not implemented for: KiCadLib.PCB.PCBLine
        Error: Import is not implemented for: KiCadLib.PCB.PCBLine
        Error: Import is not implemented for: KiCadLib.PCB.PCBLine
        Error: Import is not implemented for: KiCadLib.PCB.PCBLine
        Error: Import is not implemented for: KiCadLib.PCB.PCBLine
        Error: Import is not implemented for: KiCadLib.PCB.PCBLine
        Error: Import is not implemented for: KiCadLib.PCB.PCBLine
        Error: Import is not implemented for: KiCadLib.PCB.PCBLine
        Error: Import is not implemented for: KiCadLib.PCB.PCBLine
        Error: Import is not implemented for: KiCadLib.PCB.PCBLine
        Error: Import is not implemented for: KiCadLib.PCB.PCBLine
        Error: Import is not implemented for: KiCadLib.PCB.PCBLine
        Error: Import is not implemented for: KiCadLib.PCB.PCBLine
        Error: Import is not implemented for: KiCadLib.PCB.PCBLine
        Error: Import is not implemented for: KiCadLib.PCB.PCBLine
        Error: Import is not implemented for: KiCadLib.PCB.PCBLine
        Error: Import is not implemented for: KiCadLib.PCB.PCBLine
        Error: Import is not implemented for: KiCadLib.PCB.PCBLine
        Error: Import is not implemented for: KiCadLib.PCB.PCBLine
        Error: Import is not implemented for: KiCadLib.PCB.PCBLine
        Error: Import is not implemented for: KiCadLib.PCB.PCBLine
        Error: Import is not implemented for: KiCadLib.PCB.PCBLine
        Error: Import is not implemented for: KiCadLib.PCB.PCBLine
        Error: Import is not implemented for: KiCadLib.PCB.PCBLine
        Error: Import is not implemented for: KiCadLib.PCB.PCBLine
        Error: Import is not implemented for: KiCadLib.PCB.PCBLine
        Error: Import is not implemented for: KiCadLib.PCB.PCBLine
        Error: Import is not implemented for: KiCadLib.PCB.PCBLine
        Error: Import is not implemented for: KiCadLib.PCB.PCBLine
        Error: Import is not implemented for: KiCadLib.PCB.PCBLine
        Error: Import is not implemented for: KiCadLib.PCB.PCBLine
        Error: Import is not implemented for: KiCadLib.PCB.PCBLine
        Error: Import is not implemented for: KiCadLib.PCB.PCBLine
        Error: Import is not implemented for: KiCadLib.PCB.PCBLine
        Error: Import is not implemented for: KiCadLib.PCB.PCBLine
        Error: Import is not implemented for: KiCadLib.PCB.PCBLine
        Error: Import is not implemented for: KiCadLib.PCB.PCBLine
        Error: Import is not implemented for: KiCadLib.PCB.PCBLine
        Error: Import is not implemented for: KiCadLib.PCB.PCBLine
        Error: Import is not implemented for: KiCadLib.PCB.PCBLine
        Error: Import is not implemented for: KiCadLib.PCB.PCBLine
        Error: Import is not implemented for: KiCadLib.PCB.PCBLine
        Error: Import is not implemented for: KiCadLib.PCB.PCBLine
        Error: Import is not implemented for: KiCadLib.PCB.PCBLine
        Error: Import is not implemented for: KiCadLib.PCB.PCBLine
        Error: Import is not implemented for: KiCadLib.PCB.PCBLine
        Error: Import is not implemented for: KiCadLib.PCB.PCBLine
        Error: Import is not implemented for: KiCadLib.PCB.PCBLine
        Error: Import is not implemented for: KiCadLib.PCB.PCBLine
        Error: Import is not implemented for: KiCadLib.PCB.PCBLine
        Error: Import is not implemented for: KiCadLib.PCB.PCBLine
        Error: Import is not implemented for: KiCadLib.PCB.PCBLine
        Error: Import is not implemented for: KiCadLib.PCB.PCBLine
        Error: Import is not implemented for: KiCadLib.PCB.PCBLine
        Error: Import is not implemented for: KiCadLib.PCB.PCBLine
        Error: Import is not implemented for: KiCadLib.PCB.PCBLine
        Error: Import is not implemented for: KiCadLib.PCB.PCBLine
        Error: Import is not implemented for: KiCadLib.PCB.PCBLine
        Error: Import is not implemented for: KiCadLib.PCB.PCBLine
        Error: Import is not implemented for: KiCadLib.PCB.PCBLine
        Error: Import is not implemented for: KiCadLib.PCB.PCBLine
        Error: Import is not implemented for: KiCadLib.PCB.PCBLine
        Error: Import is not implemented for: KiCadLib.PCB.PCBLine
        Error: Import is not implemented for: KiCadLib.PCB.PCBLine
        Error: Import is not implemented for: KiCadLib.PCB.PCBLine
        Error: Import is not implemented for: KiCadLib.PCB.PCBLine
        Error: Import is not implemented for: KiCadLib.PCB.PCBLine
        Error: Import is not implemented for: KiCadLib.PCB.PCBLine
        Error: Import is not implemented for: KiCadLib.PCB.PCBLine
        Error: Import is not implemented for: KiCadLib.PCB.PCBLine
        Error: Import is not implemented for: KiCadLib.PCB.PCBLine
        Error: Import is not implemented for: KiCadLib.PCB.PCBLine
        Error: Import is not implemented for: KiCadLib.PCB.PCBLine
        Error: Import is not implemented for: KiCadLib.PCB.PCBLine
        Error: Import is not implemented for: KiCadLib.PCB.PCBLine
        Error: Import is not implemented for: KiCadLib.PCB.PCBLine
        Error: Import is not implemented for: KiCadLib.PCB.PCBLine
        Error: Import is not implemented for: KiCadLib.PCB.PCBLine
        Error: Import is not implemented for: KiCadLib.PCB.PCBLine
        Error: Import is not implemented for: KiCadLib.PCB.PCBLine
        Error: Import is not implemented for: KiCadLib.PCB.PCBLine
        Error: Import is not implemented for: KiCadLib.PCB.PCBLine
        Error: Import is not implemented for: KiCadLib.PCB.PCBLine
        Error: Import is not implemented for: KiCadLib.PCB.PCBLine
        Error: Import is not implemented for: KiCadLib.PCB.PCBLine
        Error: Import is not implemented for: KiCadLib.PCB.PCBLine
        Error: Import is not implemented for: KiCadLib.PCB.PCBLine
        Error: Import is not implemented for: KiCadLib.PCB.PCBLine
        Error: Import is not implemented for: KiCadLib.PCB.PCBLine
        Error: Import is not implemented for: KiCadLib.PCB.PCBLine
        Error: Import is not implemented for: KiCadLib.PCB.PCBLine
        Error: Import is not implemented for: KiCadLib.PCB.PCBLine
        Error: Import is not implemented for: KiCadLib.PCB.PCBLine
        Error: Import is not implemented for: KiCadLib.PCB.PCBLine
        Error: Import is not implemented for: KiCadLib.PCB.PCBLine
        Error: Import is not implemented for: KiCadLib.PCB.PCBLine
        Error: Import is not implemented for: KiCadLib.PCB.PCBLine
        Error: Import is not implemented for: KiCadLib.PCB.PCBLine
        Error: Import is not implemented for: KiCadLib.PCB.PCBLine
        Error: Import is not implemented for: KiCadLib.PCB.PCBLine
        Error: Import is not implemented for: KiCadLib.PCB.PCBLine
        Error: Import is not implemented for: KiCadLib.PCB.PCBLine
        Error: Import is not implemented for: KiCadLib.PCB.PCBLine
        Error: Import is not implemented for: KiCadLib.PCB.PCBLine
        Error: Import is not implemented for: KiCadLib.PCB.PCBLine
        Error: Import is not implemented for: KiCadLib.PCB.PCBLine
        Error: Import is not implemented for: KiCadLib.PCB.PCBLine
        Error: Import is not implemented for: KiCadLib.PCB.PCBLine
        Error: Import is not implemented for: KiCadLib.PCB.PCBLine
        Error: Import is not implemented for: KiCadLib.PCB.PCBLine
        Error: Import is not implemented for: KiCadLib.PCB.PCBLine
        Error: Import is not implemented for: KiCadLib.PCB.PCBLine
        Error: Import is not implemented for: KiCadLib.PCB.PCBLine
        Error: Import is not implemented for: KiCadLib.PCB.PCBLine
        Error: Import is not implemented for: KiCadLib.PCB.PCBLine
        Error: Import is not implemented for: KiCadLib.PCB.PCBLine
        Error: Import is not implemented for: KiCadLib.PCB.PCBLine
        Error: Import is not implemented for: KiCadLib.PCB.PCBLine
        Section : Component U3 importing.
            Error: Import is not implemented for: KiCadLib.PCB.PCBLine
            Error: Import is not implemented for: KiCadLib.PCB.PCBLine
            Error: Import is not implemented for: KiCadLib.PCB.PCBLine
            Error: Import is not implemented for: KiCadLib.PCB.PCBLine
            Error: Import is not implemented for: KiCadLib.PCB.PCBLine
        EndSection
        Section : Component C6 importing.
            Error: Import is not implemented for: KiCadLib.PCB.PCBLine
            Error: Import is not implemented for: KiCadLib.PCB.PCBLine
        EndSection
        Section : Component R12 importing.
            Error: Import is not implemented for: KiCadLib.PCB.PCBLine
            Error: Import is not implemented for: KiCadLib.PCB.PCBLine
        EndSection
        Section : Component C13 importing.
            Error: Import is not implemented for: KiCadLib.PCB.PCBLine
            Error: Import is not implemented for: KiCadLib.PCB.PCBLine
            Error: Import is not implemented for: KiCadLib.PCB.PCBLine
            Error: Import is not implemented for: KiCadLib.PCB.PCBLine
            Error: Import is not implemented for: KiCadLib.PCB.PCBLine
            Error: Import is not implemented for: KiCadLib.PCB.PCBLine
            Error: Import is not implemented for: KiCadLib.PCB.PCBLine
            Error: Import is not implemented for: KiCadLib.PCB.PCBLine
            Error: Import is not implemented for: KiCadLib.PCB.PCBLine
            Error: Import is not implemented for: KiCadLib.PCB.PCBLine
            Error: Import is not implemented for: KiCadLib.PCB.PCBLine
            Error: Import is not implemented for: KiCadLib.PCB.PCBLine
            Error: Import is not implemented for: KiCadLib.PCB.PCBLine
        EndSection
        Section : Component TP2 importing.
        EndSection
        Section : Component R6 importing.
            Error: Import is not implemented for: KiCadLib.PCB.PCBLine
            Error: Import is not implemented for: KiCadLib.PCB.PCBLine
        EndSection
        Section : Component L5 importing.
            Error: Import is not implemented for: KiCadLib.PCB.PCBLine
            Error: Import is not implemented for: KiCadLib.PCB.PCBLine
            Error: Import is not implemented for: KiCadLib.PCB.PCBLine
            Error: Import is not implemented for: KiCadLib.PCB.PCBLine
            Error: Import is not implemented for: KiCadLib.PCB.PCBLine
            Error: Import is not implemented for: KiCadLib.PCB.PCBLine
            Error: Import is not implemented for: KiCadLib.PCB.PCBLine
        EndSection
        Section : Component U7 importing.
            Error: Import is not implemented for: KiCadLib.PCB.PCBLine
            Error: Import is not implemented for: KiCadLib.PCB.PCBLine
            Error: Import is not implemented for: KiCadLib.PCB.PCBLine
            Error: Import is not implemented for: KiCadLib.PCB.PCBLine
            Error: Import is not implemented for: KiCadLib.PCB.PCBLine
            Error: Import is not implemented for: KiCadLib.PCB.PCBLine
            Error: Import is not implemented for: KiCadLib.PCB.PCBLine
            Error: Import is not implemented for: KiCadLib.PCB.PCBLine
            Error: Import is not implemented for: KiCadLib.PCB.PCBLine
            Error: Import is not implemented for: KiCadLib.PCB.PCBLine
            Error: Import is not implemented for: KiCadLib.PCB.PCBLine
            Error: Import is not implemented for: KiCadLib.PCB.PCBLine
            Error: Import is not implemented for: KiCadLib.PCB.PCBLine
            Error: Import is not implemented for: KiCadLib.PCB.PCBLine
            Error: Import is not implemented for: KiCadLib.PCB.PCBLine
            Error: Import is not implemented for: KiCadLib.PCB.PCBLine
            Error: Import is not implemented for: KiCadLib.PCB.PCBLine
            Error: Import is not implemented for: KiCadLib.PCB.PCBLine
            Error: Import is not implemented for: KiCadLib.PCB.PCBLine
            Error: Import is not implemented for: KiCadLib.PCB.PCBLine
            Error: Import is not implemented for: KiCadLib.PCB.PCBLine
            Error: Import is not implemented for: KiCadLib.PCB.PCBLine
            Error: Import is not implemented for: KiCadLib.PCB.PCBLine
            Error: Import is not implemented for: KiCadLib.PCB.PCBLine
            Error: Import is not implemented for: KiCadLib.PCB.PCBLine
            Error: Import is not implemented for: KiCadLib.PCB.PCBLine
            Error: Import is not implemented for: KiCadLib.PCB.PCBLine
            Error: Import is not implemented for: KiCadLib.PCB.PCBLine
            Error: Import is not implemented for: KiCadLib.PCB.PCBLine
            Error: Import is not implemented for: KiCadLib.PCB.PCBLine
            Error: Import is not implemented for: KiCadLib.PCB.PCBLine
            Error: Import is not implemented for: KiCadLib.PCB.PCBLine
            Error: Import is not implemented for: KiCadLib.PCB.PCBLine
            Error: Import is not implemented for: KiCadLib.PCB.PCBLine
            Error: Import is not implemented for: KiCadLib.PCB.PCBLine
            Error: Import is not implemented for: KiCadLib.PCB.PCBLine
            Error: Import is not implemented for: KiCadLib.PCB.PCBLine
            Error: Import is not implemented for: KiCadLib.PCB.PCBLine
            Error: Import is not implemented for: KiCadLib.PCB.PCBLine
            Error: Import is not implemented for: KiCadLib.PCB.PCBLine
        EndSection
        Section : Component U1 importing.
            Error: Import is not implemented for: KiCadLib.PCB.PCBLine
            Error: Import is not implemented for: KiCadLib.PCB.PCBLine
            Error: Import is not implemented for: KiCadLib.PCB.PCBLine
        EndSection
        Section : Component C4 importing.
            Error: Import is not implemented for: KiCadLib.PCB.PCBLine
            Error: Import is not implemented for: KiCadLib.PCB.PCBLine
            Error: Import is not implemented for: KiCadLib.PCB.PCBLine
            Error: Import is not implemented for: KiCadLib.PCB.PCBLine
            Error: Import is not implemented for: KiCadLib.PCB.PCBLine
            Error: Import is not implemented for: KiCadLib.PCB.PCBLine
            Error: Import is not implemented for: KiCadLib.PCB.PCBLine
            Error: Import is not implemented for: KiCadLib.PCB.PCBLine
            Error: Import is not implemented for: KiCadLib.PCB.PCBLine
            Error: Import is not implemented for: KiCadLib.PCB.PCBLine
            Error: Import is not implemented for: KiCadLib.PCB.PCBLine
            Error: Import is not implemented for: KiCadLib.PCB.PCBLine
            Error: Import is not implemented for: KiCadLib.PCB.PCBLine
        EndSection
        Section : Component R2 importing.
            Error: Import is not implemented for: KiCadLib.PCB.PCBLine
            Error: Import is not implemented for: KiCadLib.PCB.PCBLine
        EndSection
        Section : Component R5 importing.
            Error: Import is not implemented for: KiCadLib.PCB.PCBLine
            Error: Import is not implemented for: KiCadLib.PCB.PCBLine
        EndSection
        Section : Component J9 importing.
            Error: Import is not implemented for: KiCadLib.PCB.PCBLine
            Error: Import is not implemented for: KiCadLib.PCB.PCBLine
            Error: Import is not implemented for: KiCadLib.PCB.PCBLine
            Error: Import is not implemented for: KiCadLib.PCB.PCBLine
            Error: Import is not implemented for: KiCadLib.PCB.PCBLine
            Error: Import is not implemented for: KiCadLib.PCB.PCBLine
            Error: Import is not implemented for: KiCadLib.PCB.PCBLine
        EndSection
        Section : Component L2 importing.
            Error: Import is not implemented for: KiCadLib.PCB.PCBLine
            Error: Import is not implemented for: KiCadLib.PCB.PCBLine
            Error: Import is not implemented for: KiCadLib.PCB.PCBLine
            Error: Import is not implemented for: KiCadLib.PCB.PCBLine
            Error: Import is not implemented for: KiCadLib.PCB.PCBLine
            Error: Import is not implemented for: KiCadLib.PCB.PCBLine
            Error: Import is not implemented for: KiCadLib.PCB.PCBLine
        EndSection
        Section : Component C7 importing.
            Error: Import is not implemented for: KiCadLib.PCB.PCBLine
            Error: Import is not implemented for: KiCadLib.PCB.PCBLine
        EndSection
        Section : Component TP4 importing.
        EndSection
        Section : Component C5 importing.
            Error: Import is not implemented for: KiCadLib.PCB.PCBLine
            Error: Import is not implemented for: KiCadLib.PCB.PCBLine
        EndSection
        Section : Component R7 importing.
            Error: Import is not implemented for: KiCadLib.PCB.PCBLine
            Error: Import is not implemented for: KiCadLib.PCB.PCBLine
        EndSection
        Section : Component D11 importing.
            Error: Import is not implemented for: KiCadLib.PCB.PCBLine
            Error: Import is not implemented for: KiCadLib.PCB.PCBLine
            Error: Import is not implemented for: KiCadLib.PCB.PCBLine
            Error: Import is not implemented for: KiCadLib.PCB.PCBLine
            Error: Import is not implemented for: KiCadLib.PCB.PCBLine
            Error: Import is not implemented for: KiCadLib.PCB.PCBLine
            Error: Import is not implemented for: KiCadLib.PCB.PCBLine
            Error: Import is not implemented for: KiCadLib.PCB.PCBLine
            Error: Import is not implemented for: KiCadLib.PCB.PCBLine
            Error: Import is not implemented for: KiCadLib.PCB.PCBLine
            Error: Import is not implemented for: KiCadLib.PCB.PCBLine
            Error: Import is not implemented for: KiCadLib.PCB.PCBLine
        EndSection
        Section : Component J5 importing.
            Error: Import is not implemented for: KiCadLib.PCB.PCBLine
            Error: Import is not implemented for: KiCadLib.PCB.PCBLine
            Error: Import is not implemented for: KiCadLib.PCB.PCBLine
            Error: Import is not implemented for: KiCadLib.PCB.PCBLine
            Error: Import is not implemented for: KiCadLib.PCB.PCBLine
            Error: Import is not implemented for: KiCadLib.PCB.PCBLine
            Error: Import is not implemented for: KiCadLib.PCB.PCBLine
        EndSection
        Section : Component TP9 importing.
        EndSection
        Section : Component U2 importing.
            Error: Import is not implemented for: KiCadLib.PCB.PCBLine
            Error: Import is not implemented for: KiCadLib.PCB.PCBLine
            Error: Import is not implemented for: KiCadLib.PCB.PCBLine
            Error: Import is not implemented for: KiCadLib.PCB.PCBLine
            Error: Import is not implemented for: KiCadLib.PCB.PCBLine
        EndSection
        Section : Component TP8 importing.
        EndSection
        Section : Component J3 importing.
            Error: Import is not implemented for: KiCadLib.PCB.PCBLine
            Error: Import is not implemented for: KiCadLib.PCB.PCBLine
            Error: Import is not implemented for: KiCadLib.PCB.PCBLine
            Error: Import is not implemented for: KiCadLib.PCB.PCBLine
            Error: Import is not implemented for: KiCadLib.PCB.PCBLine
            Error: Import is not implemented for: KiCadLib.PCB.PCBLine
            Error: Import is not implemented for: KiCadLib.PCB.PCBLine
        EndSection
        Section : Component F1 importing.
            Error: Import is not implemented for: KiCadLib.PCB.PCBLine
            Error: Import is not implemented for: KiCadLib.PCB.PCBLine
            Error: Import is not implemented for: KiCadLib.PCB.PCBLine
            Error: Import is not implemented for: KiCadLib.PCB.PCBLine
            Error: Import is not implemented for: KiCadLib.PCB.PCBLine
            Error: Import is not implemented for: KiCadLib.PCB.PCBLine
        EndSection
        Section : Component J4 importing.
            Error: Import is not implemented for: KiCadLib.PCB.PCBLine
            Error: Import is not implemented for: KiCadLib.PCB.PCBLine
            Error: Import is not implemented for: KiCadLib.PCB.PCBLine
            Error: Import is not implemented for: KiCadLib.PCB.PCBLine
            Error: Import is not implemented for: KiCadLib.PCB.PCBLine
            Error: Import is not implemented for: KiCadLib.PCB.PCBLine
            Error: Import is not implemented for: KiCadLib.PCB.PCBLine
        EndSection
        Section : Component C8 importing.
            Error: Import is not implemented for: KiCadLib.PCB.PCBLine
            Error: Import is not implemented for: KiCadLib.PCB.PCBLine
        EndSection
        Section : Component Q1 importing.
            Error: Import is not implemented for: KiCadLib.PCB.PCBLine
            Error: Import is not implemented for: KiCadLib.PCB.PCBLine
            Error: Import is not implemented for: KiCadLib.PCB.PCBLine
            Error: Import is not implemented for: KiCadLib.PCB.PCBLine
            Error: Import is not implemented for: KiCadLib.PCB.PCBLine
            Error: Import is not implemented for: KiCadLib.PCB.PCBLine
            Error: Import is not implemented for: KiCadLib.PCB.PCBLine
        EndSection
        Section : Component TP5 importing.
        EndSection
        Section : Component J7 importing.
            Error: Import is not implemented for: KiCadLib.PCB.PCBLine
            Error: Import is not implemented for: KiCadLib.PCB.PCBLine
            Error: Import is not implemented for: KiCadLib.PCB.PCBLine
            Error: Import is not implemented for: KiCadLib.PCB.PCBLine
            Error: Import is not implemented for: KiCadLib.PCB.PCBLine
            Error: Import is not implemented for: KiCadLib.PCB.PCBLine
            Error: Import is not implemented for: KiCadLib.PCB.PCBLine
            Error: Import is not implemented for: KiCadLib.PCB.PCBLine
        EndSection
        Section : Component C10 importing.
            Error: Import is not implemented for: KiCadLib.PCB.PCBLine
            Error: Import is not implemented for: KiCadLib.PCB.PCBLine
            Error: Import is not implemented for: KiCadLib.PCB.PCBLine
            Error: Import is not implemented for: KiCadLib.PCB.PCBLine
            Error: Import is not implemented for: KiCadLib.PCB.PCBLine
            Error: Import is not implemented for: KiCadLib.PCB.PCBLine
            Error: Import is not implemented for: KiCadLib.PCB.PCBLine
            Error: Import is not implemented for: KiCadLib.PCB.PCBLine
            Error: Import is not implemented for: KiCadLib.PCB.PCBLine
            Error: Import is not implemented for: KiCadLib.PCB.PCBLine
            Error: Import is not implemented for: KiCadLib.PCB.PCBLine
            Error: Import is not implemented for: KiCadLib.PCB.PCBLine
            Error: Import is not implemented for: KiCadLib.PCB.PCBLine
        EndSection
        Section : Component J1 importing.
            Error: Import is not implemented for: KiCadLib.PCB.PCBLine
            Error: Import is not implemented for: KiCadLib.PCB.PCBLine
            Error: Import is not implemented for: KiCadLib.PCB.PCBLine
            Error: Import is not implemented for: KiCadLib.PCB.PCBLine
            Error: Import is not implemented for: KiCadLib.PCB.PCBLine
            Error: Import is not implemented for: KiCadLib.PCB.PCBLine
            Error: Import is not implemented for: KiCadLib.PCB.PCBLine
            Error: Import is not implemented for: KiCadLib.PCB.PCBLine
        EndSection
        Section : Component D12 importing.
            Error: Import is not implemented for: KiCadLib.PCB.PCBLine
            Error: Import is not implemented for: KiCadLib.PCB.PCBLine
            Error: Import is not implemented for: KiCadLib.PCB.PCBLine
            Error: Import is not implemented for: KiCadLib.PCB.PCBLine
            Error: Import is not implemented for: KiCadLib.PCB.PCBLine
            Error: Import is not implemented for: KiCadLib.PCB.PCBLine
            Error: Import is not implemented for: KiCadLib.PCB.PCBLine
            Error: Import is not implemented for: KiCadLib.PCB.PCBLine
            Error: Import is not implemented for: KiCadLib.PCB.PCBLine
            Error: Import is not implemented for: KiCadLib.PCB.PCBLine
            Error: Import is not implemented for: KiCadLib.PCB.PCBLine
            Error: Import is not implemented for: KiCadLib.PCB.PCBLine
        EndSection
        Section : Component C1 importing.
            Error: Import is not implemented for: KiCadLib.PCB.PCBLine
            Error: Import is not implemented for: KiCadLib.PCB.PCBLine
        EndSection
        Section : Component U6 importing.
            Error: Import is not implemented for: KiCadLib.PCB.PCBLine
            Error: Import is not implemented for: KiCadLib.PCB.PCBLine
            Error: Import is not implemented for: KiCadLib.PCB.PCBLine
            Error: Import is not implemented for: KiCadLib.PCB.PCBLine
            Error: Import is not implemented for: KiCadLib.PCB.PCBLine
            Error: Import is not implemented for: KiCadLib.PCB.PCBLine
            Error: Import is not implemented for: KiCadLib.PCB.PCBLine
            Error: Import is not implemented for: KiCadLib.PCB.PCBLine
            Error: Import is not implemented for: KiCadLib.PCB.PCBLine
            Error: Import is not implemented for: KiCadLib.PCB.PCBLine
            Error: Import is not implemented for: KiCadLib.PCB.PCBLine
            Error: Import is not implemented for: KiCadLib.PCB.PCBLine
            Error: Import is not implemented for: KiCadLib.PCB.PCBLine
            Error: Import is not implemented for: KiCadLib.PCB.PCBLine
            Error: Import is not implemented for: KiCadLib.PCB.PCBLine
            Error: Import is not implemented for: KiCadLib.PCB.PCBLine
            Error: Import is not implemented for: KiCadLib.PCB.PCBLine
            Error: Import is not implemented for: KiCadLib.PCB.PCBLine
            Error: Import is not implemented for: KiCadLib.PCB.PCBLine
            Error: Import is not implemented for: KiCadLib.PCB.PCBLine
            Error: Import is not implemented for: KiCadLib.PCB.PCBLine
            Error: Import is not implemented for: KiCadLib.PCB.PCBLine
            Error: Import is not implemented for: KiCadLib.PCB.PCBLine
            Error: Import is not implemented for: KiCadLib.PCB.PCBLine
            Error: Import is not implemented for: KiCadLib.PCB.PCBLine
            Error: Import is not implemented for: KiCadLib.PCB.PCBLine
            Error: Import is not implemented for: KiCadLib.PCB.PCBLine
            Error: Import is not implemented for: KiCadLib.PCB.PCBLine
            Error: Import is not implemented for: KiCadLib.PCB.PCBLine
            Error: Import is not implemented for: KiCadLib.PCB.PCBLine
            Error: Import is not implemented for: KiCadLib.PCB.PCBLine
            Error: Import is not implemented for: KiCadLib.PCB.PCBLine
            Error: Import is not implemented for: KiCadLib.PCB.PCBLine
            Error: Import is not implemented for: KiCadLib.PCB.PCBLine
            Error: Import is not implemented for: KiCadLib.PCB.PCBLine
            Error: Import is not implemented for: KiCadLib.PCB.PCBLine
            Error: Import is not implemented for: KiCadLib.PCB.PCBLine
            Error: Import is not implemented for: KiCadLib.PCB.PCBLine
            Error: Import is not implemented for: KiCadLib.PCB.PCBLine
            Error: Import is not implemented for: KiCadLib.PCB.PCBLine
        EndSection
        Section : Component C3 importing.
            Error: Import is not implemented for: KiCadLib.PCB.PCBLine
            Error: Import is not implemented for: KiCadLib.PCB.PCBLine
            Error: Import is not implemented for: KiCadLib.PCB.PCBLine
            Error: Import is not implemented for: KiCadLib.PCB.PCBLine
            Error: Import is not implemented for: KiCadLib.PCB.PCBLine
            Error: Import is not implemented for: KiCadLib.PCB.PCBLine
            Error: Import is not implemented for: KiCadLib.PCB.PCBLine
            Error: Import is not implemented for: KiCadLib.PCB.PCBLine
            Error: Import is not implemented for: KiCadLib.PCB.PCBLine
            Error: Import is not implemented for: KiCadLib.PCB.PCBLine
            Error: Import is not implemented for: KiCadLib.PCB.PCBLine
            Error: Import is not implemented for: KiCadLib.PCB.PCBLine
            Error: Import is not implemented for: KiCadLib.PCB.PCBLine
        EndSection
        Section : Component J10 importing.
            Error: Import is not implemented for: KiCadLib.PCB.PCBLine
            Error: Import is not implemented for: KiCadLib.PCB.PCBLine
            Error: Import is not implemented for: KiCadLib.PCB.PCBLine
            Error: Import is not implemented for: KiCadLib.PCB.PCBLine
            Error: Import is not implemented for: KiCadLib.PCB.PCBLine
            Error: Import is not implemented for: KiCadLib.PCB.PCBLine
            Error: Import is not implemented for: KiCadLib.PCB.PCBLine
        EndSection
        Section : Component TP1 importing.
        EndSection
        Section : Component R4 importing.
            Error: Import is not implemented for: KiCadLib.PCB.PCBLine
            Error: Import is not implemented for: KiCadLib.PCB.PCBLine
        EndSection
        Section : Component J6 importing.
            Error: Import is not implemented for: KiCadLib.PCB.PCBLine
            Error: Import is not implemented for: KiCadLib.PCB.PCBLine
            Error: Import is not implemented for: KiCadLib.PCB.PCBLine
            Error: Import is not implemented for: KiCadLib.PCB.PCBLine
            Error: Import is not implemented for: KiCadLib.PCB.PCBLine
            Error: Import is not implemented for: KiCadLib.PCB.PCBLine
            Error: Import is not implemented for: KiCadLib.PCB.PCBLine
        EndSection
        Section : Component SW1 importing.
        EndSection
        Section : Component TP3 importing.
        EndSection
        Section : Component D1 importing.
            Error: Import is not implemented for: KiCadLib.PCB.PCBLine
            Error: Import is not implemented for: KiCadLib.PCB.PCBLine
            Error: Import is not implemented for: KiCadLib.PCB.PCBLine
            Error: Import is not implemented for: KiCadLib.PCB.PCBLine
            Error: Import is not implemented for: KiCadLib.PCB.PCBLine
            Error: Import is not implemented for: KiCadLib.PCB.PCBLine
            Error: Import is not implemented for: KiCadLib.PCB.PCBLine
            Error: Import is not implemented for: KiCadLib.PCB.PCBLine
            Error: Import is not implemented for: KiCadLib.PCB.PCBLine
            Error: Import is not implemented for: KiCadLib.PCB.PCBLine
            Error: Import is not implemented for: KiCadLib.PCB.PCBLine
            Error: Import is not implemented for: KiCadLib.PCB.PCBLine
        EndSection
        Section : Component C12 importing.
            Error: Import is not implemented for: KiCadLib.PCB.PCBLine
            Error: Import is not implemented for: KiCadLib.PCB.PCBLine
            Error: Import is not implemented for: KiCadLib.PCB.PCBLine
            Error: Import is not implemented for: KiCadLib.PCB.PCBLine
            Error: Import is not implemented for: KiCadLib.PCB.PCBLine
            Error: Import is not implemented for: KiCadLib.PCB.PCBLine
            Error: Import is not implemented for: KiCadLib.PCB.PCBLine
            Error: Import is not implemented for: KiCadLib.PCB.PCBLine
            Error: Import is not implemented for: KiCadLib.PCB.PCBLine
            Error: Import is not implemented for: KiCadLib.PCB.PCBLine
            Error: Import is not implemented for: KiCadLib.PCB.PCBLine
            Error: Import is not implemented for: KiCadLib.PCB.PCBLine
            Error: Import is not implemented for: KiCadLib.PCB.PCBLine
        EndSection
        Section : Component R8 importing.
            Error: Import is not implemented for: KiCadLib.PCB.PCBLine
            Error: Import is not implemented for: KiCadLib.PCB.PCBLine
        EndSection
        Section : Component R11 importing.
            Error: Import is not implemented for: KiCadLib.PCB.PCBLine
            Error: Import is not implemented for: KiCadLib.PCB.PCBLine
        EndSection
        Section : Component L1 importing.
            Error: Import is not implemented for: KiCadLib.PCB.PCBLine
            Error: Import is not implemented for: KiCadLib.PCB.PCBLine
            Error: Import is not implemented for: KiCadLib.PCB.PCBLine
            Error: Import is not implemented for: KiCadLib.PCB.PCBLine
            Error: Import is not implemented for: KiCadLib.PCB.PCBLine
            Error: Import is not implemented for: KiCadLib.PCB.PCBLine
            Error: Import is not implemented for: KiCadLib.PCB.PCBLine
        EndSection
        Section : Component R3 importing.
            Error: Import is not implemented for: KiCadLib.PCB.PCBLine
            Error: Import is not implemented for: KiCadLib.PCB.PCBLine
        EndSection
        Section : Component J2 importing.
            Error: Import is not implemented for: KiCadLib.PCB.PCBLine
            Error: Import is not implemented for: KiCadLib.PCB.PCBLine
            Error: Import is not implemented for: KiCadLib.PCB.PCBLine
            Error: Import is not implemented for: KiCadLib.PCB.PCBLine
            Error: Import is not implemented for: KiCadLib.PCB.PCBLine
            Error: Import is not implemented for: KiCadLib.PCB.PCBLine
            Error: Import is not implemented for: KiCadLib.PCB.PCBLine
            Error: Import is not implemented for: KiCadLib.PCB.PCBLine
        EndSection
        Section : Component C2 importing.
            Error: Import is not implemented for: KiCadLib.PCB.PCBLine
            Error: Import is not implemented for: KiCadLib.PCB.PCBLine
        EndSection
        Section : Component R1 importing.
            Error: Import is not implemented for: KiCadLib.PCB.PCBLine
            Error: Import is not implemented for: KiCadLib.PCB.PCBLine
        EndSection
        Section : Component L6 importing.
            Error: Import is not implemented for: KiCadLib.PCB.PCBLine
            Error: Import is not implemented for: KiCadLib.PCB.PCBLine
            Error: Import is not implemented for: KiCadLib.PCB.PCBLine
            Error: Import is not implemented for: KiCadLib.PCB.PCBLine
            Error: Import is not implemented for: KiCadLib.PCB.PCBLine
            Error: Import is not implemented for: KiCadLib.PCB.PCBLine
            Error: Import is not implemented for: KiCadLib.PCB.PCBLine
        EndSection
    EndSection
